Age,Income,Credit_Score,Years_Employed,Existing_Loans,Debt_to_Income,Savings,Loan_Amount,Loan_Approved
56,21920,454,32,0,0.42,84596,287985,1
69,126121,389,40,0,0.73,25288,280619,1
46,97219,657,14,0,0.51,90947,11671,1
32,96872,473,2,2,0.08,46091,196656,1
60,101132,516,40,2,0.14,79872,36764,1
25,22093,755,0,1,0.62,60216,272299,0
38,32905,498,9,2,0.59,78162,134518,0
56,141759,785,24,2,0.17,59785,234689,1
36,44351,832,5,0,0.09,51997,257393,1
40,50981,499,17,1,0.48,70037,70768,0
28,93903,670,0,4,0.53,51693,125423,0
28,90821,747,5,2,0.15,83386,65851,0
41,129200,547,15,5,0.41,36712,49566,0
53,123241,563,32,2,0.28,87214,225841,1
57,102289,357,23,4,0.75,16905,148603,0
41,136506,601,22,0,0.21,2591,279335,1
20,104021,330,0,1,0.6,61159,254104,0
39,98513,797,8,0,0.44,14522,203730,1
19,39874,548,0,3,0.06,82689,8779,1
41,70931,570,10,2,0.44,4572,115678,1
61,27674,693,40,5,0.12,62680,266752,1
47,70516,801,14,3,0.54,59537,12317,1
55,141982,383,34,2,0.47,34061,192968,1
19,148408,664,1,3,0.06,92033,5159,0
38,114574,848,7,4,0.2,88778,130373,1
50,80686,641,25,2,0.63,67874,62115,1
29,114851,706,9,5,0.26,61542,203737,0
39,89212,724,17,2,0.42,62907,24462,1
61,22426,392,38,3,0.28,17151,220221,1
42,142952,711,17,1,0.74,93526,270061,1
66,110009,731,40,3,0.45,81916,293269,1
44,88498,458,21,2,0.57,97571,247141,0
59,49943,313,38,2,0.11,46813,196801,1
45,86395,672,21,1,0.08,53627,235955,1
33,64816,524,9,0,0.24,27117,281493,1
32,24138,804,12,1,0.28,69034,65715,1
64,120728,372,39,0,0.57,26483,170800,1
68,111176,548,40,5,0.48,72264,166864,0
61,95945,810,40,2,0.33,57469,12902,1
69,24017,515,38,4,0.54,19877,126345,0
20,30451,840,0,4,0.17,63396,84569,0
54,82956,519,27,3,0.1,93239,40158,1
68,113863,520,37,1,0.69,4088,235795,1
24,30278,688,3,1,0.47,24179,8917,1
38,110480,341,15,4,0.54,48954,230019,0
26,63764,582,0,0,0.28,23011,213430,1
56,143030,357,38,1,0.33,13839,108246,1
35,21134,836,12,0,0.11,53903,29691,1
21,82943,372,0,0,0.69,64561,75734,1
42,115667,428,10,0,0.49,24625,31046,1
31,74318,725,2,0,0.11,19481,158458,1
67,123423,424,40,3,0.65,98289,157598,0
26,123998,366,0,3,0.38,20558,123540,0
43,80128,305,11,4,0.62,83307,48798,0
19,108056,613,0,3,0.06,32104,128293,0
37,41869,625,6,5,0.07,99602,194057,0
45,122468,805,26,1,0.18,54586,252192,1
64,137034,381,40,5,0.21,45420,79396,0
24,25039,301,0,3,0.62,5061,86298,0
61,41281,503,40,1,0.58,34241,137040,1
25,132935,703,0,1,0.51,63055,272944,1
64,30442,402,40,0,0.71,82697,101585,1
52,93788,835,25,4,0.24,71593,140891,1
31,139729,667,0,0,0.73,45173,237611,1
34,47586,511,8,0,0.73,6289,92175,1
53,73053,508,25,5,0.38,66180,51935,0
67,70489,416,35,3,0.12,3221,212679,1
57,103104,777,37,5,0.59,64137,140070,0
21,106346,404,0,3,0.3,43942,46750,0
19,87087,794,0,5,0.65,22635,297657,0
23,32625,345,1,1,0.17,53763,108725,1
59,54397,630,35,3,0.45,85562,22879,1
21,78671,515,0,3,0.43,52072,19316,0
46,136214,791,21,5,0.13,8075,160597,0
35,111785,748,6,2,0.32,23378,272522,0
43,86897,835,24,1,0.11,36084,184741,1
61,46149,810,34,1,0.4,51426,157762,1
51,80030,757,25,2,0.68,80217,235611,1
27,89906,846,2,5,0.25,32584,251818,0
53,25283,835,35,5,0.62,32245,194586,0
31,27610,839,8,1,0.19,59959,217249,1
48,63326,783,19,5,0.56,5983,82383,0
65,34924,315,31,4,0.74,98785,199260,0
32,133143,542,13,4,0.29,97927,222072,0
25,130253,506,0,2,0.73,31897,197872,0
31,96162,570,3,3,0.43,41602,249972,0
40,120297,414,15,4,0.29,86538,42985,0
57,20869,598,25,5,0.72,77034,269669,0
38,117088,782,12,2,0.07,50411,145248,1
33,21014,696,1,4,0.07,69742,219349,0
62,30103,693,38,0,0.5,79466,75423,1
35,102522,374,5,2,0.65,76856,94642,0
64,130317,781,34,1,0.61,94550,85383,1
41,116007,402,23,4,0.11,98353,75013,1
43,53458,596,22,1,0.76,39126,129326,1
42,110605,477,21,2,0.58,93288,284899,1
62,102409,514,40,4,0.76,71043,286752,0
58,43248,614,28,1,0.3,56610,121562,1
46,109160,338,27,3,0.57,24925,64843,1
32,63516,558,0,3,0.69,37276,279870,0
62,49061,306,40,0,0.34,24689,274042,1
18,44170,348,0,5,0.77,64942,88508,0
42,28024,837,22,2,0.25,55146,181756,1
24,102214,460,0,5,0.29,16238,255758,0
26,123792,475,3,5,0.74,61424,180946,0
41,105947,301,21,1,0.78,25807,214290,0
18,63803,754,0,0,0.26,75457,85119,1
61,39296,575,34,2,0.15,12204,162120,1
25,111829,797,0,3,0.62,66245,256987,0
41,112708,327,18,5,0.75,39567,22628,0
28,106664,632,0,1,0.5,36697,97210,0
68,38257,300,40,5,0.53,91429,114093,1
34,32855,487,13,4,0.62,2530,69734,0
25,105178,355,3,3,0.16,97777,75050,0
52,149876,846,31,5,0.78,25297,117726,0
52,121121,411,31,4,0.32,75838,53308,1
50,143324,609,20,4,0.52,49906,220350,0
22,40025,335,0,1,0.4,67251,101428,1
59,24458,738,28,1,0.4,76069,196809,1
56,83610,624,28,4,0.58,61748,229595,0
58,90843,606,39,0,0.8,41295,174455,1
45,127237,833,14,5,0.54,53464,55420,0
24,103961,408,0,4,0.65,8223,150912,0
26,69831,671,0,4,0.07,14421,105680,0
25,63427,656,4,1,0.66,94232,29771,1
29,113809,480,5,5,0.27,15066,286624,0
51,58506,655,18,2,0.15,22576,90555,1
50,25668,367,27,3,0.14,83121,21945,1
65,111470,591,40,1,0.56,3140,16641,1
40,67195,480,21,5,0.8,60016,20232,0
41,93233,765,16,5,0.55,42378,180398,0
54,44417,733,30,0,0.25,8370,212923,1
52,101982,763,21,3,0.2,52750,290399,0
61,126133,833,35,1,0.44,96052,166781,1
57,30751,365,25,1,0.1,13022,236880,1
39,66218,320,10,2,0.35,60222,50832,0
44,146649,683,14,0,0.55,19328,273966,1
52,27352,338,28,0,0.78,3929,256638,0
18,99052,584,0,5,0.37,44727,25893,0
52,108835,635,25,5,0.2,69919,131901,0
54,117493,487,35,1,0.66,53692,281395,0
64,48927,542,33,2,0.61,50545,93106,1
31,61094,372,1,1,0.69,93968,260596,0
20,121948,778,0,4,0.21,77647,90480,0
18,74122,400,0,5,0.35,49338,76215,0
22,49493,813,0,4,0.79,60962,187909,0
43,112247,475,17,2,0.17,98435,44380,1
31,93539,537,1,1,0.55,24161,288349,1
56,51707,358,34,5,0.23,9823,217880,0
44,88814,398,13,2,0.43,93968,203857,0
26,27296,794,4,1,0.65,34089,189426,0
32,45398,813,6,1,0.42,61850,111177,1
32,55842,596,7,4,0.65,22053,224885,0
43,33261,510,19,3,0.37,18447,165100,1
59,96709,422,34,0,0.8,90841,150875,1
30,115985,528,10,5,0.38,4111,83331,0
68,126616,687,36,0,0.16,59820,117745,1
49,76704,439,24,2,0.35,94029,151725,1
56,87173,840,38,0,0.61,77521,25674,1
66,51781,690,40,4,0.69,69622,47345,0
69,33652,569,40,3,0.4,53963,44920,1
49,25103,311,18,5,0.5,53503,168686,0
21,45500,688,0,1,0.68,90000,286112,1
47,135332,636,16,1,0.66,42918,88521,1
54,120336,805,20,4,0.54,72868,124630,0
40,55529,405,7,5,0.66,43542,198220,0
56,133499,331,38,0,0.48,69712,196733,1
62,38452,373,38,1,0.05,3416,284335,1
32,69393,470,4,0,0.08,41436,127033,1
60,51174,368,38,4,0.78,75187,122415,0
46,84450,661,12,1,0.16,11486,247294,1
53,55436,732,25,2,0.35,19695,50252,1
30,67406,399,5,3,0.75,2229,99608,0
49,83059,308,22,0,0.2,68066,148165,1
24,35954,328,0,5,0.68,43347,293169,0
68,102722,413,40,0,0.66,2363,170408,1
39,139747,761,9,0,0.79,83372,292580,0
45,32356,442,18,0,0.26,86824,206512,1
19,148128,689,0,4,0.29,88916,164166,0
59,118499,456,26,4,0.73,46869,199471,0
62,22187,634,40,5,0.23,50729,9509,0
23,97243,559,3,4,0.46,21303,206134,0
45,55098,381,13,5,0.58,73853,190573,0
45,112471,740,26,5,0.25,4264,172007,0
61,41225,471,31,4,0.75,19315,80646,0
61,23606,530,36,1,0.55,79229,127294,1
37,148664,374,3,4,0.09,83102,235716,0
47,77620,569,26,1,0.15,61521,72050,1
28,52828,361,2,2,0.19,25811,153867,0
45,146270,619,13,4,0.23,34405,98148,1
42,46489,401,16,2,0.6,53157,45492,1
56,34387,728,30,4,0.12,60823,87942,1
50,89463,554,19,2,0.31,20856,244854,0
18,91832,831,0,3,0.73,93902,64289,0
44,115980,411,10,2,0.47,47970,9808,0
69,131926,612,39,1,0.25,51787,98991,1
30,132429,760,4,0,0.77,77174,299041,0
58,22591,761,26,5,0.23,87352,82214,0
20,143446,391,0,2,0.73,21598,77304,0
56,130431,351,38,0,0.59,43541,63884,1
23,68516,819,5,3,0.61,11652,237482,0
25,111683,397,3,3,0.62,17963,114265,0
44,82061,535,18,1,0.43,33223,204192,1
26,124425,673,0,1,0.66,32024,9942,1
54,86736,533,31,2,0.68,4941,67681,1
50,101257,331,20,4,0.32,74923,106347,1
68,81753,588,40,3,0.35,75060,12370,1
59,104774,841,27,0,0.72,42617,189006,1
61,31087,413,38,4,0.44,91815,78905,1
41,50816,503,18,3,0.7,55704,90401,0
32,43408,328,11,2,0.52,27025,16551,0
49,144116,773,21,3,0.5,84172,190996,1
49,125276,552,29,1,0.07,44224,59488,1
41,20136,685,21,0,0.26,14277,184669,1
58,37413,361,29,0,0.43,49718,189346,1
69,133650,814,40,1,0.49,41995,122648,1
66,79500,729,40,4,0.52,8539,143969,1
66,104514,836,40,1,0.59,33853,229269,1
69,76358,440,37,0,0.54,27811,234005,1
29,86197,599,0,2,0.69,93464,44819,0
56,120776,610,33,4,0.27,7909,123756,0
19,112789,770,0,5,0.53,94605,223435,0
20,112420,692,0,3,0.09,54433,145854,0
66,52854,744,40,5,0.41,47084,35398,0
54,96240,471,31,2,0.25,74569,292832,1
66,124523,330,37,5,0.34,57816,156105,0
34,149494,346,6,4,0.32,11748,139979,0
66,110063,429,33,0,0.1,71602,172571,1
19,36322,651,0,0,0.4,63465,228376,1
19,133053,357,0,2,0.8,50408,78221,0
45,26968,405,27,5,0.27,12998,144345,0
40,47518,629,20,4,0.6,14764,198491,0
54,71925,682,28,3,0.46,46379,149550,0
49,79848,461,19,5,0.29,82394,212976,0
50,131900,585,19,5,0.12,60588,116925,1
18,113422,370,0,3,0.21,83613,13273,0
36,21700,753,15,1,0.64,63398,182472,1
19,113782,696,0,2,0.26,76793,44708,1
61,121004,814,30,4,0.16,48210,37552,1
43,43199,325,24,2,0.3,45560,187632,1
49,64589,612,31,3,0.49,70201,293574,1
23,52115,425,0,4,0.58,17734,164647,0
49,81934,707,29,0,0.34,75376,63433,1
21,136335,497,0,0,0.42,78598,48436,0
28,140726,487,0,4,0.39,73580,188696,0
34,74316,783,8,2,0.06,3063,169010,1
55,25520,749,29,2,0.35,23313,31358,1
41,129814,822,15,0,0.49,28087,144841,1
22,56455,653,0,0,0.48,46779,104819,1
69,135284,399,39,3,0.61,41181,78728,0
51,106465,577,18,4,0.55,19205,105502,0
23,143364,790,4,2,0.26,13464,284429,1
39,61605,554,8,3,0.24,28132,158359,0
28,34955,680,5,2,0.4,51737,36347,1
65,64049,841,40,0,0.6,70285,242131,1
33,33917,563,8,4,0.12,65549,269210,0
50,90293,628,29,1,0.76,36306,47779,1
26,98581,414,0,4,0.46,26592,232362,0
23,139072,575,0,5,0.28,84987,61112,0
33,84925,787,2,1,0.57,94794,118904,0
46,127216,580,17,3,0.08,45758,115962,1
20,90269,574,0,1,0.41,99392,195104,0
37,50954,627,14,1,0.41,88157,286849,1
53,116671,510,35,3,0.17,7577,243706,1
36,92617,325,7,4,0.68,86230,47125,0
43,61458,326,19,3,0.65,9263,103226,0
20,109037,382,0,5,0.16,83741,50536,0
36,41113,712,10,0,0.32,9072,190142,1
37,119977,466,18,0,0.13,61814,107643,1
49,132622,468,15,1,0.69,46306,251528,0
24,145947,528,0,3,0.29,6691,29810,0
69,110226,666,40,3,0.38,88649,224322,1
58,63939,827,31,3,0.29,2953,130640,1
50,49345,837,21,5,0.28,71499,12388,0
57,144616,823,23,5,0.61,94405,96631,0
56,66313,371,33,4,0.61,77981,266421,0
35,130107,405,15,2,0.44,38759,215530,0
57,141866,581,25,2,0.54,21185,161583,1
18,112365,432,0,2,0.43,74983,194684,1
28,120598,833,5,4,0.07,35699,175296,1
45,89166,568,24,3,0.1,74490,30394,1
42,67861,711,20,2,0.34,54739,229751,1
67,117406,317,40,3,0.61,56631,58269,1
40,69298,416,14,1,0.73,18945,195531,0
48,67221,443,25,2,0.07,39294,72975,1
47,64942,850,17,1,0.33,13920,229571,1
59,23453,721,38,4,0.22,96520,277163,1
52,122811,668,33,0,0.66,54609,289614,1
24,74935,349,3,5,0.68,72096,135752,0
33,142439,405,8,4,0.2,81925,113369,1
43,63370,515,13,4,0.58,63358,115803,0
65,123932,724,38,4,0.6,25265,227957,1
69,28328,371,40,2,0.18,74251,209999,1
66,35534,745,40,1,0.38,85604,165730,1
19,105280,485,0,5,0.52,10438,78905,0
18,104925,369,0,2,0.07,71779,279072,0
65,56320,449,40,0,0.35,29629,244053,1
29,69170,545,1,5,0.17,63442,56243,0
22,120546,837,0,4,0.46,5085,126118,0
54,100201,398,22,3,0.68,83926,183884,0
49,148935,577,18,0,0.44,25513,135218,1
26,141006,754,0,1,0.08,61084,240702,1
58,123401,403,26,0,0.07,87230,160663,1
52,28640,532,26,2,0.5,64605,243404,1
36,120252,693,14,3,0.3,62666,12721,1
65,111057,800,40,2,0.48,81420,162224,1
33,50049,550,5,5,0.17,69412,185529,0
20,25618,820,0,4,0.63,92743,207420,0
37,122540,378,17,4,0.7,52178,287984,0
41,76053,351,20,0,0.72,72092,137280,1
50,21920,525,19,4,0.28,87027,220695,0
41,63937,350,17,4,0.55,39009,6971,0
69,89724,485,40,5,0.26,64976,34795,0
28,32207,333,0,1,0.62,33225,137055,0
66,85774,430,34,1,0.14,39437,147574,1
25,52972,742,1,2,0.62,71935,114267,0
53,30799,731,19,2,0.38,14648,265371,0
55,91088,796,26,1,0.69,97423,203735,1
57,48916,702,26,0,0.6,43936,221631,1
37,90463,622,5,1,0.33,41263,169400,1
52,113500,509,20,2,0.73,49373,47769,1
65,96700,628,40,3,0.26,53814,57084,1
42,57158,671,9,4,0.78,66137,46250,0
52,104607,759,30,5,0.63,88340,236285,0
42,139639,432,23,3,0.79,97455,183939,0
46,133945,420,20,3,0.09,47972,186652,1
35,91696,751,9,4,0.26,29147,153403,0
63,81510,428,40,1,0.61,20295,13572,1
35,140076,390,3,0,0.74,7897,277040,0
19,78692,328,0,3,0.07,77812,38077,0
52,81744,823,34,0,0.05,39253,221406,1
33,35810,632,15,5,0.24,6838,240944,0
58,25126,596,33,5,0.69,83693,121961,0
53,50009,429,20,5,0.63,68680,146336,0
50,119120,592,24,2,0.31,80942,21049,1
21,131718,472,0,3,0.05,27414,213236,0
50,110932,323,28,5,0.47,39748,34236,0
31,20192,398,12,2,0.23,62157,250551,1
38,136464,705,14,5,0.61,30483,244173,0
65,56413,655,38,1,0.38,12513,247863,1
37,32816,438,5,3,0.56,56549,162079,0
25,59082,802,1,2,0.69,45802,277286,0
24,85048,473,2,5,0.45,27451,33498,0
20,143130,328,0,2,0.3,41909,169298,0
34,70940,795,2,5,0.63,49091,45348,0
50,52130,650,23,1,0.25,53389,294668,1
65,60142,598,34,0,0.72,41963,185561,1
29,149564,491,2,5,0.1,55734,151370,0
68,56468,363,34,0,0.68,89208,148207,1
39,50698,514,8,3,0.12,79167,125138,0
39,30655,465,20,1,0.09,66509,77916,1
63,67897,842,30,3,0.32,33291,41788,1
47,50075,531,17,0,0.77,22817,160992,1
55,29359,840,29,1,0.79,77968,67015,1
55,149048,494,31,4,0.2,85487,141715,1
62,122197,805,29,1,0.16,74666,55094,1
68,125115,633,40,1,0.31,89672,152801,1
25,62056,603,0,4,0.3,3559,58046,0
44,71831,736,20,2,0.62,15744,197111,1
44,79191,622,11,2,0.38,32155,16804,1
51,138592,801,25,2,0.63,22021,193939,1
38,141948,692,4,0,0.61,83532,148004,0
47,53272,448,23,1,0.48,57898,185482,1
50,128117,704,22,5,0.68,79723,11487,0
45,34671,582,20,4,0.2,52036,10988,0
64,47048,661,40,5,0.17,54176,32364,1
50,96274,678,21,0,0.61,59399,174475,1
22,45963,497,0,4,0.23,19006,26048,0
65,63954,655,40,5,0.05,82911,143165,1
36,92309,839,12,0,0.73,53434,238980,0
21,122120,728,0,0,0.52,96694,296340,0
52,115430,316,26,0,0.38,65591,27727,1
66,20717,678,36,4,0.59,4069,178239,1
34,31676,805,10,5,0.3,7486,45769,0
61,24434,375,36,5,0.77,84175,135205,0
45,69810,530,11,3,0.1,66389,171146,1
47,123361,547,13,0,0.53,36428,227364,1
46,138696,601,13,2,0.63,29800,146736,1
63,114636,514,40,1,0.4,92154,253446,1
23,24994,457,0,3,0.62,38220,81695,0
52,24234,368,18,3,0.75,57254,149371,0
58,89300,692,28,4,0.61,12869,266982,0
54,63949,384,27,3,0.28,5176,202063,0
41,57405,566,22,5,0.47,37454,194519,0
46,54872,368,27,4,0.73,93016,70498,0
66,62215,646,35,4,0.39,98036,113114,1
63,43185,722,30,2,0.56,71773,49572,1
48,63442,473,24,0,0.4,27453,235888,1
52,143263,414,23,3,0.14,57813,206346,1
50,71759,519,19,0,0.09,67326,40389,1
69,61153,330,40,0,0.76,48595,53263,1
38,97535,822,17,0,0.51,42184,223711,1
49,122023,642,29,4,0.13,53186,240417,0
40,22581,676,22,0,0.69,81290,24984,1
50,71717,429,16,3,0.44,79603,239586,1
20,22763,838,0,4,0.63,17609,207824,0
35,112910,301,2,3,0.15,94517,291413,0
42,75480,400,20,4,0.73,86099,260965,0
59,58759,832,35,1,0.49,75539,14527,1
48,96067,357,17,1,0.6,28068,142016,0
20,138094,688,1,1,0.07,47996,231468,1
57,45307,640,37,1,0.29,62446,38102,1
63,116371,319,29,4,0.25,70759,143741,0
41,31064,554,8,0,0.76,90440,292523,0
67,96848,616,40,2,0.19,37834,122125,1
49,57548,337,17,5,0.58,21746,286335,0
64,56945,836,40,2,0.08,97940,265978,1
39,67937,685,13,1,0.2,22407,149331,1
40,26476,325,17,0,0.3,87229,174030,1
19,71756,753,0,3,0.65,99550,161588,0
44,110101,622,13,0,0.64,88657,40931,1
59,22382,812,28,3,0.76,27403,16624,1
19,69683,312,0,2,0.74,12637,159944,0
43,107999,670,22,0,0.11,9612,129148,1
34,65276,590,2,0,0.67,31410,299935,0
57,53402,631,25,5,0.39,6160,271796,1
50,111881,560,19,2,0.7,61108,227580,0
26,130300,504,8,0,0.12,8728,13095,1
60,46946,686,33,3,0.67,70774,204965,0
65,99698,767,38,0,0.17,93300,275239,1
56,134690,714,29,3,0.3,64594,81216,1
46,132309,368,27,1,0.07,19464,164314,1
59,93933,771,34,0,0.14,32943,31333,1
43,42335,403,25,3,0.38,31838,95075,1
52,65095,460,34,2,0.66,6919,110373,1
67,99930,499,40,1,0.63,38092,154988,1
42,149974,515,18,0,0.23,8797,131394,1
41,47197,511,15,5,0.16,52887,74309,0
30,147619,807,0,3,0.34,89003,64422,1
24,42010,315,2,5,0.71,90272,26045,0
53,44123,797,34,0,0.12,75557,22061,1
62,107923,631,34,3,0.46,4058,214746,1
37,22890,850,7,0,0.12,75577,40742,1
18,113305,555,0,1,0.4,67689,292004,1
25,129162,471,0,1,0.15,78557,261152,0
63,140927,797,40,0,0.11,28258,217511,1
33,28026,770,3,0,0.19,20359,190872,1
31,84925,683,13,4,0.24,92714,230650,0
29,88842,806,2,0,0.26,13914,44212,1
68,53665,826,40,0,0.53,8536,285368,1
40,29277,624,15,5,0.09,56071,72414,0
32,62239,513,9,5,0.11,34748,295682,0
45,67664,507,16,1,0.19,40448,250371,1
51,68008,468,27,5,0.7,47132,250139,0
19,34683,629,0,0,0.52,77022,263188,0
49,20670,579,23,2,0.6,3384,16690,0
40,109211,604,13,0,0.33,45312,277467,1
39,37889,445,12,4,0.21,77323,39146,0
68,75612,815,40,3,0.08,35134,150428,1
42,64535,389,9,1,0.42,84182,81805,0
39,98542,752,21,5,0.48,61120,245582,0
39,74319,359,5,2,0.72,61592,141412,0
66,134072,610,35,3,0.71,72723,178747,0
69,112067,827,35,2,0.37,75031,103756,1
59,41639,526,28,1,0.37,10885,242909,1
23,84712,773,0,5,0.17,19700,5392,0
32,36633,840,6,4,0.24,16018,144209,0
60,141145,378,35,1,0.74,96964,18997,1
54,54660,732,24,2,0.16,95607,89970,1
50,88975,452,16,2,0.78,58061,243538,0
25,52172,700,1,1,0.43,32322,35278,0
61,79197,578,27,0,0.39,51073,167602,1
61,121158,356,40,1,0.18,73650,271938,1
22,78847,485,0,5,0.55,73110,134057,0
56,31577,697,33,5,0.39,25996,76899,1
21,97299,457,2,4,0.33,93290,245671,0
23,40176,658,0,1,0.25,70345,124718,1
62,64386,739,40,3,0.1,47304,82568,1
49,83972,765,27,5,0.44,84086,276592,0
69,140018,745,40,5,0.28,30249,124028,1
47,109791,787,27,5,0.58,87949,24431,0
64,61003,829,31,0,0.59,71223,251740,1
52,39996,372,29,3,0.3,22123,267321,0
57,120922,316,25,1,0.55,34095,117490,1
69,106598,830,37,0,0.24,93971,277370,1
33,55931,625,0,5,0.6,88158,232593,0
30,144168,845,0,3,0.06,76821,123254,1
67,55710,501,38,3,0.16,61185,17231,1
59,143099,643,32,0,0.23,91463,188219,1
47,54693,822,16,5,0.63,54884,19082,0
36,55740,699,17,0,0.1,6291,265907,1
34,97241,517,14,2,0.19,42193,209383,1
36,128944,744,10,5,0.32,4122,150205,0
45,113583,521,17,0,0.06,5876,198949,1
43,96502,682,15,1,0.62,85648,121315,1
54,37374,306,27,5,0.47,75660,158499,0
43,96674,571,12,4,0.73,58147,127511,0
40,136500,315,14,5,0.07,2823,281981,0
26,101471,723,0,2,0.25,53652,226600,0
29,65913,823,3,0,0.6,59204,227104,0
18,143683,320,0,4,0.56,51382,7469,0
18,86025,527,0,2,0.23,11387,53554,0
64,64516,587,36,1,0.5,52175,290005,1
51,107796,433,33,5,0.65,19980,248135,0
49,46069,582,22,4,0.08,25224,114655,0
65,138333,703,40,0,0.59,8121,193684,1
42,76233,365,18,0,0.24,68966,265160,1
57,104811,736,26,1,0.76,74490,171668,1
62,79049,558,40,2,0.45,12881,208080,1
18,121820,402,0,4,0.08,83453,221965,0
33,138028,400,10,1,0.35,84176,224653,1
56,59178,497,23,2,0.77,51809,124645,0
22,52821,525,0,3,0.6,78621,77100,0
39,71727,762,12,3,0.28,92795,268480,0
46,80935,536,14,2,0.48,24097,48316,1
20,36999,325,0,0,0.5,3978,183989,0
29,82522,420,10,0,0.07,5332,121513,1
43,58712,805,14,3,0.18,86573,7768,0
33,84551,481,4,0,0.46,16089,200149,0
68,60172,842,35,0,0.35,57804,246983,1
54,53722,614,31,2,0.19,65752,32634,1
39,30625,572,19,5,0.63,24484,185668,0
46,87165,531,27,2,0.42,61408,189605,0
31,96509,719,9,0,0.28,80544,228402,1
45,26859,741,17,2,0.17,55018,254800,1
22,61609,795,2,4,0.51,19148,131486,0
64,63307,323,40,3,0.55,4830,23211,1
66,130986,408,40,5,0.55,69494,59711,1
47,121582,801,19,4,0.22,26998,224763,0
63,41839,324,40,4,0.5,68076,75047,1
69,47216,486,39,0,0.73,31677,249016,1
22,72953,587,0,0,0.31,30101,183841,1
29,104481,637,2,4,0.21,8053,133013,0
33,80593,336,14,4,0.63,6670,229121,0
43,92075,436,22,1,0.18,11281,229895,1
43,69522,807,22,1,0.24,84658,13532,1
65,119161,526,39,3,0.13,54341,280035,1
38,24886,619,5,4,0.25,69069,268640,0
56,131249,481,33,2,0.36,11756,282298,1
53,27485,385,32,5,0.1,66075,81682,0
50,51455,766,24,1,0.7,55421,63475,0
47,131984,352,17,0,0.44,61108,141522,1
54,36767,534,28,4,0.49,66323,173475,0
40,132701,732,17,2,0.33,91610,219724,1
27,48453,795,0,5,0.55,85338,32289,0
22,96280,399,0,2,0.37,93858,191751,1
53,122638,702,33,2,0.62,18048,277325,1
51,73442,695,29,0,0.67,53606,206318,1
69,71877,826,38,1,0.55,10876,243055,1
48,32226,714,15,2,0.42,59075,295539,1
27,113405,762,0,5,0.64,16171,84036,0
36,42588,840,10,1,0.42,43204,71920,1
49,98976,663,17,3,0.13,6166,116440,1
18,51709,429,0,0,0.14,76902,21652,0
22,67788,383,0,1,0.76,86794,90837,1
62,108031,570,39,1,0.21,44734,276860,1
21,57019,543,0,2,0.66,79519,20568,0
33,64948,687,8,5,0.24,92251,205879,0
41,85133,513,22,2,0.37,97621,84792,1
33,134444,465,8,5,0.54,65441,226793,0
19,86458,358,1,0,0.17,46078,291296,1
66,137603,803,32,1,0.6,28778,165072,1
45,47526,422,23,4,0.57,77926,32973,0
49,93493,712,16,5,0.46,21924,116036,0
44,148585,438,20,5,0.47,46832,42861,0
37,72198,528,13,2,0.13,67243,142510,1
41,134100,573,22,2,0.38,26048,148801,1
29,143854,738,0,3,0.11,33815,231170,0
67,119534,417,36,5,0.28,35682,93094,0
52,63395,782,26,0,0.73,18489,47711,1
50,44031,694,19,1,0.48,60234,131478,1
50,95542,759,28,1,0.61,58701,105637,1
68,145814,377,40,1,0.48,17951,107690,1
60,57701,711,35,5,0.2,51018,83191,0
54,132599,374,32,2,0.5,12452,191922,1
29,45939,594,1,0,0.62,29635,209967,0
20,69145,320,0,1,0.15,99283,150244,0
18,40324,470,0,5,0.66,28933,262961,0
50,42867,314,29,4,0.47,35581,125574,0
57,20203,510,25,3,0.05,39281,151601,1
27,36544,385,8,3,0.44,22187,110218,0
60,35899,448,26,1,0.35,23953,45281,1
61,49063,671,32,2,0.27,34818,63235,1
46,110880,779,12,3,0.63,25702,280020,0
30,23748,450,3,3,0.72,7278,210364,0
29,125022,440,0,3,0.62,45566,138931,0
48,137269,368,17,3,0.69,60722,292021,0
63,86629,559,30,1,0.73,19036,144372,1
19,100764,820,0,5,0.73,25583,7412,0
68,40884,670,34,0,0.14,71244,215413,1
67,45183,718,40,0,0.39,10476,272948,1
52,101570,400,23,2,0.05,71854,58675,1
40,91246,542,21,5,0.43,95805,265463,0
34,128036,811,7,4,0.74,39627,90733,0
43,39259,394,21,0,0.2,46441,17392,1
25,55959,525,5,4,0.53,25754,156101,0
46,136525,817,16,0,0.53,65751,70263,1
43,53457,513,14,0,0.17,20979,32097,1
27,105679,366,7,2,0.23,71446,106721,0
43,145829,695,20,3,0.4,62161,152467,1
51,148216,311,20,2,0.19,37022,67088,1
68,22103,536,40,0,0.49,64257,221137,1
58,85901,698,28,5,0.41,5453,284402,0
24,132314,706,4,3,0.44,52575,228617,0
21,64535,779,0,5,0.15,58260,143375,0
67,36103,521,34,5,0.44,87717,251643,0
62,118046,455,40,5,0.09,89901,279321,1
28,110012,727,0,3,0.71,92862,258470,0
46,98278,457,25,5,0.31,41705,26823,0
53,32391,715,35,3,0.69,56833,215790,1
42,122476,625,23,4,0.58,55029,110312,0
38,48901,670,8,0,0.62,5177,83812,1
53,140721,643,23,1,0.29,69965,16963,1
27,117537,561,8,5,0.22,33952,205095,0
54,101159,582,21,2,0.36,71514,261803,1
26,87914,528,0,4,0.07,80309,97141,0
41,70357,579,23,2,0.74,52084,277182,0
52,106908,589,26,1,0.34,72710,270582,1
66,130335,346,32,3,0.79,22796,40151,0
52,58437,513,25,1,0.62,51348,273311,1
65,55503,323,40,2,0.11,78413,18172,1
53,116282,620,21,1,0.55,54333,187375,1
35,113459,573,9,0,0.25,18722,218565,1
66,95403,612,39,1,0.23,89091,166432,1
56,61258,662,35,5,0.24,80098,71310,1
49,53724,679,26,0,0.74,73082,93950,1
41,84286,769,20,5,0.42,26258,91258,0
40,94842,415,18,1,0.55,12706,94941,0
49,124927,341,23,0,0.26,29943,163328,1
54,34908,678,25,0,0.44,65324,125934,1
29,112617,505,4,1,0.31,23315,224331,1
66,70626,765,40,4,0.29,11352,59236,0
30,57228,579,2,3,0.24,35497,185293,1
40,43386,417,12,3,0.36,76145,115260,0
42,66754,536,12,3,0.55,45974,163024,1
52,130942,608,21,0,0.22,99322,128797,1
58,48302,755,33,3,0.77,28228,278081,0
47,80815,774,18,0,0.14,9882,44496,1
34,141084,399,5,4,0.41,17268,122221,0
66,104748,560,39,1,0.11,71846,290938,1
37,83344,604,13,1,0.07,25463,129717,1
65,55618,653,36,0,0.74,77789,194792,1
42,131603,585,11,0,0.66,86940,161057,1
39,96234,627,7,4,0.57,50314,286535,0
30,81114,402,0,3,0.7,10827,77406,0
36,137652,362,17,4,0.65,77474,289137,0
66,90130,581,37,1,0.54,34062,296864,1
53,45525,740,20,1,0.69,91690,145978,1
29,99818,592,0,5,0.34,8240,68820,0
58,134589,306,24,3,0.46,2585,88117,0
36,34334,391,16,1,0.63,53532,232897,0
29,114715,489,2,5,0.11,11541,111390,0
26,82767,775,8,0,0.69,6427,8193,1
24,26644,810,1,1,0.17,93283,10220,1
45,121154,761,25,2,0.7,89732,155429,1
31,133237,352,10,3,0.28,82156,44299,0
48,52933,785,28,5,0.3,10033,155621,0
69,146366,789,40,3,0.11,32070,284618,1
36,63469,663,11,3,0.71,50104,62593,0
64,53687,411,40,2,0.18,13199,136213,1
33,126609,708,14,4,0.52,13776,25694,0
22,72656,306,0,0,0.53,23727,152935,0
52,37375,496,19,3,0.26,3931,269834,1
29,134019,666,2,1,0.79,81379,119153,0
42,140735,549,21,0,0.1,57193,256759,1
69,85206,539,39,1,0.51,6699,72963,1
38,116462,679,11,0,0.41,58789,45832,1
53,56607,770,22,0,0.23,87760,172055,1
40,103178,754,14,5,0.17,28321,27365,0
33,43993,665,5,1,0.6,62032,222069,1
56,64386,589,28,1,0.74,8636,122037,1
62,143394,702,28,0,0.13,68396,293613,1
59,66287,357,40,3,0.2,15989,253616,1
56,106724,820,36,1,0.79,52086,264349,1
31,118132,603,3,2,0.06,37062,92498,1
48,113308,414,28,2,0.43,80337,65390,1
22,116393,509,0,0,0.44,63125,67635,1
52,147314,340,24,4,0.25,31398,68734,1
40,96312,472,12,0,0.55,71283,17164,1
46,118371,533,18,0,0.76,71774,58184,1
60,95324,702,40,3,0.39,3834,96964,1
28,91196,338,6,3,0.61,49203,226996,0
35,90014,418,8,5,0.53,46676,106678,0
64,28210,634,37,4,0.4,27230,83709,0
29,30922,635,0,4,0.09,73652,34580,0
26,56289,838,7,4,0.61,69464,192864,0
27,149097,373,6,4,0.32,94715,150699,0
61,53340,490,40,4,0.22,23134,266707,0
34,59850,623,4,0,0.76,9190,209974,1
55,76984,446,33,0,0.63,90364,19444,1
24,123699,583,5,5,0.77,5350,284891,0
63,133711,512,35,2,0.24,35055,229079,1
30,104178,693,7,2,0.68,44686,145301,0
57,31094,638,30,5,0.51,82572,118332,0
59,107959,321,25,5,0.79,29700,217912,0
26,53418,404,0,1,0.76,73146,225943,0
67,25741,765,33,0,0.78,30420,299512,1
44,131585,758,23,4,0.76,26177,15944,0
19,92374,731,0,1,0.06,94386,287961,1
22,137275,520,1,3,0.61,40651,268277,0
46,142564,678,15,0,0.25,77706,112603,1
54,88798,521,33,5,0.58,55339,164742,0
55,136026,557,32,2,0.79,50282,191234,0
36,90532,666,10,0,0.08,42070,172046,1
25,130130,648,0,5,0.48,93683,137181,0
65,42164,524,40,0,0.6,61703,33755,1
62,55595,535,40,0,0.24,26406,113473,1
18,50257,482,0,0,0.22,59009,291946,1
39,34211,743,16,3,0.1,2066,69771,1
69,115989,305,40,2,0.12,71506,178044,1
34,25232,535,9,0,0.54,53940,204714,1
24,87753,426,0,5,0.43,51469,172776,0
42,72691,403,10,3,0.07,24350,245370,0
62,109765,779,40,1,0.78,95771,114484,1
21,99768,454,0,0,0.54,5114,210069,0
53,45613,556,29,3,0.44,94690,47491,1
23,34026,534,0,4,0.25,50199,13495,0
48,73535,799,16,1,0.54,95426,70181,1
36,114090,588,4,2,0.32,66133,233899,1
61,50908,809,39,0,0.58,22245,184184,1
56,72113,597,32,0,0.56,44266,280241,1
44,39610,436,21,3,0.12,90762,167182,1
27,66646,675,0,2,0.73,13595,184615,0
43,125141,386,16,4,0.42,94254,45702,1
36,83185,718,8,1,0.34,40218,160789,0
56,92567,498,24,5,0.77,26143,112304,0
20,67574,762,0,2,0.38,47178,131292,1
62,143978,736,34,0,0.59,72700,48252,1
30,145204,609,10,3,0.54,99176,114419,0
67,111051,580,40,4,0.17,8787,241548,1
45,122020,622,17,3,0.79,82460,288543,0
37,56182,451,5,1,0.4,65517,7496,0
45,136136,601,21,2,0.35,46286,35985,1
25,20570,577,0,3,0.74,86985,120950,0
58,117790,307,31,5,0.45,1081,109697,0
56,39288,534,26,5,0.58,4005,43178,0
18,98824,601,0,3,0.68,74944,81407,0
20,49877,337,0,0,0.23,1334,81682,1
30,104425,435,0,3,0.18,77639,126352,0
45,20917,720,25,4,0.1,59217,53577,1
66,95602,518,40,2,0.72,26169,94643,1
42,115040,647,21,1,0.2,97030,56933,1
50,84575,845,32,5,0.28,24452,282623,1
55,92518,378,23,3,0.26,27254,186423,0
23,142115,572,5,4,0.28,70433,152245,0
61,59104,460,38,5,0.55,58110,44800,1
62,38062,607,38,5,0.77,58253,163496,1
49,36999,673,20,1,0.3,71184,158779,1
62,81845,308,40,5,0.36,76210,17854,0
64,29941,743,40,4,0.63,83702,139753,1
38,81169,412,8,5,0.37,93246,287023,0
33,43470,504,4,5,0.74,20970,273222,0
38,149744,704,9,3,0.43,4794,119166,0
28,130684,496,0,3,0.31,30184,57314,0
54,79821,414,23,2,0.78,92095,32941,0
53,106669,420,24,0,0.37,81880,221100,1
52,138193,364,23,4,0.22,39365,259468,1
36,64435,575,13,0,0.18,32217,161497,1
37,24529,538,10,0,0.8,6051,258589,0
35,103055,601,9,5,0.61,83662,129781,0
64,32192,691,40,1,0.36,71080,144579,1
58,94102,821,34,1,0.67,13875,196659,1
66,92762,668,40,5,0.46,70891,280717,1
31,123466,532,2,4,0.29,20992,194923,0
32,134894,494,10,0,0.61,52662,164770,0
48,106795,311,30,2,0.61,59475,23318,0
18,54087,476,0,0,0.43,32074,174791,1
20,86677,516,0,1,0.08,69052,241802,1
33,24627,310,15,0,0.11,23622,80529,1
40,76541,745,10,3,0.64,68015,44102,0
28,132805,463,10,3,0.67,83874,24006,0
29,88226,850,7,2,0.56,93543,276192,0
27,125627,352,0,4,0.68,41982,211676,0
49,23255,517,22,0,0.59,60069,22909,1
33,77433,659,12,3,0.72,46078,39184,1
25,25213,684,7,4,0.16,51873,203402,0
55,122412,355,30,3,0.34,64798,163713,1
29,39404,417,7,4,0.4,59784,11826,0
41,136545,552,22,4,0.27,22836,57828,1
45,45380,479,11,3,0.59,95782,108380,0
25,111056,714,1,5,0.73,69083,118766,0
45,39173,534,11,1,0.36,29130,11369,1
53,148833,379,30,4,0.76,49975,46312,0
43,73027,321,11,5,0.44,66995,243995,0
25,43989,776,3,0,0.44,68772,141898,1
67,128106,739,35,5,0.5,21830,135371,0
45,44519,392,22,3,0.25,67116,118554,0
45,145803,491,26,5,0.34,15439,30692,0
54,42439,402,20,1,0.46,5715,236696,0
58,138570,695,37,3,0.76,27107,87453,1
53,96949,306,24,2,0.53,92480,14409,1
44,34995,530,25,0,0.3,98300,217137,1
34,43559,539,15,2,0.06,44394,19795,0
26,148028,389,0,5,0.79,94103,195644,0
50,130887,531,18,4,0.42,39665,157807,0
37,109049,756,18,5,0.75,33425,49036,0
30,25021,532,9,4,0.46,60874,58387,0
45,118000,653,19,2,0.5,42432,17021,1
65,41119,632,40,2,0.58,83778,74650,1
46,71539,738,16,4,0.29,44949,73120,1
30,114835,674,1,1,0.57,85360,14740,0
63,59350,591,40,0,0.45,78434,235864,1
52,66223,644,22,3,0.55,84295,191626,1
23,45517,727,0,2,0.68,89604,232351,0
35,98653,429,4,0,0.19,4669,149391,1
68,42250,440,40,3,0.51,80918,234603,0
22,104486,714,0,5,0.09,16436,51169,0
64,102895,392,40,3,0.13,85310,266932,1
42,109132,583,17,2,0.56,37030,225615,1
19,111066,522,0,1,0.1,5638,68711,0
27,86798,762,8,1,0.5,69402,58504,0
47,74199,844,22,0,0.22,58000,119481,1
67,143823,575,33,5,0.28,10251,119050,1
62,79546,439,32,0,0.15,9948,17988,1
22,148180,656,0,4,0.24,53647,202306,0
50,125686,322,24,1,0.67,89414,202045,0
18,108151,569,0,0,0.53,66723,223811,1
35,23327,632,4,4,0.76,98806,283139,0
49,140318,384,18,5,0.09,87498,145948,1
64,49768,330,32,3,0.64,96447,285681,0
66,84418,539,40,0,0.57,58245,256798,1
28,114386,662,0,4,0.25,20098,93295,0
38,136947,688,7,1,0.6,8408,131097,0
43,62788,598,18,3,0.59,83215,223128,0
42,135945,670,20,0,0.39,70069,169799,1
39,102384,398,18,1,0.57,70676,15031,0
44,66830,346,13,3,0.38,64982,67745,0
66,72446,721,33,2,0.3,93154,254516,1
30,125078,779,7,1,0.4,87190,79442,1
50,35160,361,27,2,0.72,53203,215906,0
51,76583,408,31,5,0.34,55617,254681,0
58,53998,848,26,0,0.35,97311,56866,1
52,47230,418,32,4,0.51,81212,60237,1
18,29076,681,0,0,0.61,7005,291697,0
38,89341,691,18,1,0.6,72406,228626,1
65,51085,351,38,2,0.06,70440,101441,1
23,75571,588,5,2,0.57,49235,140032,0
45,34715,636,12,3,0.39,12973,190320,1
34,148308,503,1,0,0.44,47976,181201,1
22,25750,537,0,0,0.47,68797,141832,0
48,133931,681,30,1,0.6,59866,112407,1
22,98768,435,1,2,0.67,18804,214689,0
55,138544,706,35,1,0.53,89613,250161,1
20,55903,807,0,1,0.47,62936,35961,1
40,92489,661,11,5,0.33,48276,240329,0
54,52093,680,25,2,0.15,25680,281232,1
54,111036,553,24,1,0.77,61967,143308,1
27,107954,776,0,2,0.4,17862,59967,1
27,139277,413,0,1,0.47,88438,92684,1
36,54314,319,6,4,0.61,40553,261055,0
34,68225,827,12,1,0.1,9884,108278,1
38,107985,444,17,1,0.69,69574,237903,1
31,103014,507,0,4,0.65,61313,178636,0
26,55179,830,0,0,0.63,33961,38843,0
63,137305,675,35,2,0.07,32562,156504,1
18,132417,803,0,3,0.44,27065,19433,0
68,45338,465,40,4,0.09,33084,163880,1
62,112435,849,40,0,0.46,52038,87922,1
30,89681,480,1,1,0.59,78337,226760,0
21,52101,743,0,5,0.14,21957,126074,0
18,22775,631,0,0,0.57,69116,19702,1
66,131497,802,40,4,0.39,93080,106125,1
57,117183,378,38,5,0.66,63278,200283,0
49,65619,695,21,1,0.45,33454,49185,1
51,65838,402,31,0,0.3,54796,97393,1
45,141316,701,18,3,0.3,12277,181779,1
48,39539,523,25,2,0.72,99524,79222,0
25,122274,817,2,2,0.39,67411,129018,0
56,77124,535,37,4,0.35,78190,269560,1
43,85149,726,16,1,0.08,61069,266002,1
51,46616,415,28,1,0.32,67732,125003,1
20,99655,462,0,2,0.69,52861,244610,0
67,110695,525,36,0,0.62,50487,5207,1
29,74567,529,7,1,0.22,42184,111968,1
18,57099,481,0,3,0.36,24398,186862,0
61,95831,548,40,3,0.2,80906,288655,1
22,120246,617,0,1,0.77,29517,184086,0
47,81799,509,18,1,0.5,95395,259409,1
47,140714,691,23,2,0.62,67783,142096,0
34,110221,395,8,4,0.59,25564,166464,0
65,134879,385,32,2,0.71,8111,110909,0
64,45479,714,36,4,0.76,21973,289903,0
40,66172,693,11,3,0.07,1310,66586,1
32,119165,800,0,4,0.78,77296,243074,0
54,75863,432,21,2,0.7,18988,257007,0
38,62043,613,6,1,0.34,23043,64727,1
31,102569,520,9,4,0.68,54134,95557,0
19,122438,737,0,2,0.6,91480,234819,0
28,130107,345,0,3,0.64,56326,185341,0
68,35408,491,38,5,0.22,90937,263976,1
56,142275,819,35,4,0.54,18381,114266,1
55,77980,678,21,3,0.07,34264,234942,1
51,102956,633,30,3,0.69,23069,287130,1
55,36351,338,22,0,0.76,43964,154392,0
67,24131,592,35,5,0.55,67734,178684,0
51,136836,461,20,4,0.43,6910,189614,0
35,64825,630,6,2,0.59,72020,296810,0
47,31349,403,27,4,0.29,47165,141474,1
32,80931,460,5,4,0.52,67112,224979,0
44,64254,353,19,5,0.59,33821,42549,0
68,58225,333,40,3,0.16,45392,151587,1
51,124383,541,20,3,0.16,49603,219195,1
69,32453,412,35,3,0.59,33996,114433,1
55,38814,617,22,3,0.37,91890,208665,1
50,38263,322,18,5,0.72,96765,200670,0
41,97694,417,9,2,0.28,78558,259357,0
32,35735,511,14,1,0.08,67520,279243,1
47,35830,717,18,0,0.54,79196,119159,0
59,67893,412,32,3,0.56,26044,27097,1
68,64673,343,37,3,0.47,85387,75719,1
34,147006,427,7,0,0.56,43809,54094,1
22,109462,457,0,3,0.44,34299,21696,0
46,65066,693,18,1,0.57,80247,275498,1
21,120315,811,0,4,0.08,77763,181420,0
27,23373,344,1,0,0.33,63647,230969,0
34,30335,407,2,2,0.21,74564,289024,1
27,43741,518,0,0,0.12,83481,113061,1
34,30692,742,8,1,0.23,33857,75304,1
37,67295,614,16,5,0.19,39503,28951,0
41,65541,476,17,2,0.78,66217,169238,0
22,54057,527,0,4,0.26,26982,191854,0
51,86983,566,26,3,0.22,67828,153503,1
23,39583,678,0,0,0.68,54262,285470,1
19,42765,788,0,2,0.36,24880,163778,1
30,79287,589,4,0,0.37,99074,228542,1
60,43906,656,31,4,0.38,8559,44232,1
60,140747,503,27,0,0.36,37549,38439,1
65,105103,512,40,2,0.29,36159,40229,1
28,99675,622,6,1,0.26,51370,229577,1
68,66525,480,40,5,0.71,60289,287676,0
64,58230,798,40,2,0.17,88075,235463,1
40,137904,619,17,0,0.19,79740,145406,1
33,39520,382,1,4,0.48,3252,129945,0
48,105238,602,27,3,0.31,10866,173964,1
28,71934,561,0,3,0.37,38997,33484,0
33,45566,499,11,4,0.65,91336,33831,0
25,93193,539,0,0,0.73,8553,246527,0
21,123224,594,0,5,0.64,33831,251156,0
57,50134,811,35,4,0.23,68323,159737,1
21,30345,695,3,0,0.78,45810,296349,0
42,141012,437,11,2,0.32,59719,252315,0
20,141015,428,0,5,0.18,12726,179540,0
49,61185,348,26,1,0.42,70451,133609,1
20,135464,592,0,0,0.59,48423,266736,0
44,112949,835,15,3,0.11,1092,288579,1
46,90744,610,27,3,0.53,77470,218662,0
49,53455,836,19,5,0.69,30995,119426,0
67,135217,533,33,1,0.25,99005,216219,1
68,48018,508,34,0,0.57,63957,105159,1
36,74219,393,3,1,0.35,2677,119623,0
38,65991,626,13,2,0.36,94778,101284,0
22,93616,524,2,1,0.26,22892,179110,1
35,107438,310,1,2,0.52,23114,215205,0
45,136841,628,22,3,0.32,37632,14880,1
59,29486,311,34,2,0.67,28057,214494,0
39,58862,334,9,0,0.77,63565,142586,0
38,141662,746,13,5,0.75,61753,54179,0
23,78870,751,0,5,0.17,45031,266274,0
18,106694,519,0,0,0.06,51049,206957,1
22,125996,740,0,0,0.38,61275,266668,1
58,63856,834,24,0,0.6,48881,200616,1
29,121407,528,11,4,0.78,53865,228320,0
43,120744,643,19,2,0.64,98068,38142,1
63,106055,379,33,0,0.49,51684,49329,1
51,51379,652,31,5,0.07,56687,139117,1
66,84729,695,34,1,0.67,76705,150800,1
31,48378,589,9,1,0.18,57438,34713,1
43,125428,754,15,4,0.09,58314,84374,0
62,74353,427,40,2,0.69,51503,27659,1
44,69996,842,21,2,0.47,31740,240325,1
26,34031,658,6,2,0.15,47176,103582,1
43,100072,826,21,5,0.34,11030,46747,0
64,85982,612,38,5,0.11,77288,208758,0
39,56683,374,9,4,0.53,8051,296767,0
64,134091,845,40,2,0.26,57010,22716,1
47,137797,495,19,2,0.7,11589,209673,0
60,37618,328,29,0,0.32,12395,24531,1
65,26587,315,40,2,0.42,13833,261297,1
34,82790,722,11,5,0.1,67134,45760,0
43,51480,704,9,0,0.26,80903,8449,1
53,118530,830,25,0,0.56,19428,258786,1
18,40527,376,0,2,0.6,17642,12279,0
25,43569,528,0,1,0.23,87491,10191,1
66,31151,596,32,3,0.43,41771,249756,0
52,91094,809,28,5,0.66,11097,272451,0
69,79174,837,40,1,0.33,79743,140288,1
32,64739,625,14,2,0.15,89096,90438,1
64,52954,662,39,2,0.37,24426,115283,1
39,132984,658,17,1,0.5,67333,267639,1
31,132863,623,6,2,0.06,44463,74128,1
43,129373,625,9,5,0.31,72249,45816,0
45,55303,464,16,0,0.51,41079,200367,1
40,54700,754,8,4,0.76,21404,18000,0
31,113036,452,10,2,0.36,72447,142791,1
41,143728,426,12,2,0.17,4954,74981,0
19,87568,492,0,1,0.45,70848,105671,1
62,86788,829,31,0,0.26,97411,44323,1
43,91045,309,21,1,0.21,56331,218897,1
31,57842,391,0,5,0.49,56931,193392,0
68,33900,438,40,1,0.74,19440,147491,1
24,147992,780,0,2,0.68,59407,209508,0
20,100059,748,0,0,0.19,82364,31403,1
64,21881,632,31,5,0.62,31898,33298,0
40,53037,639,11,2,0.22,47720,228764,1
63,21630,351,39,5,0.27,46428,77771,0
60,40789,765,27,2,0.74,16427,43056,0
64,146083,774,34,2,0.73,96177,69237,1
62,108059,700,40,2,0.18,23169,147267,1
35,103494,738,3,4,0.1,46419,259063,0
55,66151,808,35,3,0.27,52065,162320,1
52,68920,452,28,0,0.49,68487,187526,1
68,129388,813,37,4,0.71,88490,258085,0
32,87231,802,1,3,0.14,80363,91315,0
42,137946,305,19,5,0.36,75501,81202,0
54,100357,799,29,3,0.25,99632,36709,1
45,23262,417,21,3,0.06,9985,119439,1
27,86981,784,0,4,0.64,33641,199530,0
56,140951,767,37,0,0.66,23897,35949,1
34,143099,460,9,1,0.22,46652,161925,1
56,101972,569,28,3,0.16,6973,235803,1
39,95485,355,9,1,0.16,84330,171942,1
43,74722,527,17,1,0.4,74250,63529,1
61,109499,448,35,2,0.23,67673,170186,1
42,70818,345,8,1,0.43,55309,34871,1
34,49932,443,10,5,0.34,57718,253755,0
30,26901,639,4,5,0.21,69809,238988,0
37,137473,712,19,2,0.61,23627,113043,1
42,119023,819,23,0,0.16,53621,151240,1
21,28597,643,0,0,0.65,98729,253618,0
27,149631,686,0,5,0.47,56084,70116,0
20,83909,772,0,2,0.67,16151,146105,0
58,92391,574,39,0,0.05,76691,9902,1
62,104214,652,37,3,0.61,27741,127793,1
35,28263,365,4,0,0.09,89484,66263,1
64,83293,378,37,2,0.76,39130,294808,0
53,132824,501,19,5,0.58,71172,271726,0
64,144933,412,39,3,0.29,61916,296626,1
39,45805,390,8,1,0.29,60219,172216,0
51,111679,440,26,1,0.7,98185,299016,0
64,31874,588,40,1,0.73,38236,87754,1
25,113065,710,0,5,0.72,68882,186271,0
57,106402,676,32,2,0.66,14984,100363,1
66,34079,683,39,1,0.66,2042,118195,1
61,69850,451,36,0,0.48,14063,239816,1
36,92779,618,10,1,0.07,54918,169336,1
59,115408,668,39,4,0.12,21490,102143,1
58,29018,761,24,5,0.54,41967,201302,0
54,140606,311,22,4,0.35,57472,294149,0
23,69500,455,0,1,0.48,73838,244831,0
69,140062,776,40,1,0.22,22876,298619,1
43,32100,700,24,4,0.54,82830,38683,0
51,77021,476,17,5,0.23,61650,81810,0
62,134995,640,40,5,0.4,3302,250841,1
23,39800,356,0,1,0.41,20017,128045,1
54,148126,747,28,5,0.18,43311,244823,1
50,83400,502,31,3,0.71,1361,236447,0
39,112446,501,20,5,0.44,39261,257790,0
38,49437,629,18,4,0.7,18171,228922,0
23,123124,662,0,2,0.25,42226,117177,1
23,96537,753,0,4,0.18,30327,175985,0
65,66675,655,34,0,0.06,71628,266731,1
21,39942,515,0,3,0.12,83473,297432,0
47,40862,322,24,2,0.16,65223,117880,1
28,31669,454,8,1,0.11,80353,128060,1
47,141219,485,29,0,0.72,76315,96428,1
48,73772,548,15,0,0.73,71052,30682,1
41,35916,433,20,3,0.75,64624,72125,0
26,30878,620,8,2,0.77,96650,166881,0
20,22985,689,0,0,0.42,15530,256594,0
68,117905,733,40,2,0.45,10310,187814,1
48,93648,321,29,2,0.15,35281,79215,1
57,61235,424,24,5,0.15,60270,144875,0
54,38931,378,27,0,0.63,90345,110518,1
53,112876,350,28,2,0.69,47104,186680,0
41,20336,475,12,3,0.64,22735,48153,0
48,62933,552,15,0,0.68,73285,53657,1
23,104899,545,0,3,0.26,94173,145601,0
19,65536,405,0,3,0.4,8005,230606,0
37,89504,492,19,2,0.39,58564,80928,1
45,119214,615,25,2,0.8,52496,173337,0
28,71148,601,0,5,0.76,30898,140655,0
21,133936,847,0,5,0.5,90074,197298,0
32,36279,567,10,0,0.15,22708,31690,1
23,88665,469,5,5,0.24,46024,92174,0
66,123751,850,39,1,0.32,92003,283382,1
47,124433,754,13,0,0.7,15412,224563,1
55,91386,591,34,3,0.18,55821,157754,1
68,106124,440,36,5,0.21,30378,218070,0
19,125750,445,0,5,0.31,94638,133596,0
32,97485,724,0,5,0.75,79580,207260,0
28,94055,613,4,2,0.43,32309,283905,0
25,111911,483,0,3,0.54,84775,231843,0
43,118618,427,18,5,0.34,3435,260672,0
68,97273,586,40,4,0.19,89700,104450,1
62,86670,552,40,4,0.22,4386,53329,1
61,96474,685,29,3,0.65,71976,292783,0
22,74028,529,0,5,0.72,46503,203824,0
23,110022,570,3,1,0.42,72972,118733,0
43,133892,714,11,1,0.32,73939,37657,1
21,111632,497,1,0,0.66,89778,188694,0
36,126651,622,4,0,0.55,44464,22900,1
37,91128,355,14,5,0.08,69475,16242,0
50,38108,502,32,0,0.31,83758,69930,1
37,72495,437,6,2,0.56,28277,130272,0
66,102806,721,33,1,0.48,87679,151050,1
29,113185,356,11,3,0.78,55012,280750,0
64,96533,370,30,5,0.7,4138,168103,0
18,119025,671,0,5,0.09,50327,12421,0
43,76830,813,10,4,0.59,87525,269692,0
31,94640,383,8,1,0.3,69698,12252,1
55,72509,342,28,1,0.56,3752,83385,1
54,86406,432,27,1,0.51,26765,173602,0
28,114220,694,6,0,0.43,1837,265460,1
53,59519,364,24,2,0.69,95010,260519,0
30,69649,589,0,3,0.58,78579,169806,0
60,54524,675,29,0,0.72,57997,191300,1
20,116493,766,0,2,0.26,36501,223686,1
50,53885,512,30,1,0.31,45770,193779,1
23,64369,447,0,2,0.52,90608,234483,0
67,121132,770,38,0,0.77,69189,180126,1
27,115402,448,8,1,0.33,89060,71045,1
22,50676,387,3,0,0.07,61594,112560,1
40,84093,623,6,3,0.38,86269,193719,0
27,67764,695,0,1,0.46,38448,63312,1
61,70799,703,40,2,0.65,85306,47398,1
19,99414,381,0,0,0.6,38959,107175,0
30,125296,585,9,4,0.77,50525,125201,0
57,113095,681,38,2,0.64,79340,250329,1
19,132082,569,0,2,0.27,82746,224500,1
37,92307,591,10,1,0.53,35029,200297,1
18,102062,752,0,5,0.55,74169,83812,0
54,115432,323,22,2,0.8,9312,148618,0
26,51923,610,6,0,0.15,39300,189125,1
34,137449,760,4,4,0.19,55994,45526,1
26,121739,507,1,3,0.17,86765,216650,0
28,124926,737,4,4,0.49,3884,109374,0
32,98388,837,7,0,0.15,21522,253030,1
41,67574,635,15,1,0.54,6623,5229,1
55,63391,721,32,0,0.65,12460,160797,1
52,148691,620,31,5,0.37,11234,213328,0
47,141757,796,15,5,0.47,85039,186201,0
48,73664,462,26,5,0.73,64578,36879,0
66,87384,840,40,2,0.48,90636,83771,1
22,51027,464,0,1,0.21,83410,272333,0
61,55464,594,35,5,0.31,47905,91859,0
67,54485,341,40,3,0.45,30420,237850,1
31,148366,584,5,3,0.17,36813,126383,0
28,39456,686,1,0,0.51,1382,82508,1
26,94795,437,5,5,0.8,39353,137937,0
51,55554,486,28,2,0.54,10369,126389,0
29,66922,730,0,3,0.33,35985,238101,0
52,33409,715,26,4,0.3,43255,193513,1
52,89327,725,34,1,0.75,59261,244673,1
18,111400,715,0,4,0.7,90197,214072,0
57,56639,325,27,3,0.4,62590,173654,0
39,120110,670,15,3,0.32,46486,84132,0
46,83627,684,20,0,0.58,48883,256894,1
25,103424,355,0,0,0.29,56318,232993,1
28,39692,552,8,5,0.14,52566,85922,0
58,109037,405,29,1,0.28,1650,69761,1
54,98840,429,34,5,0.38,41937,62276,0
31,74200,675,0,0,0.24,22299,242538,1
47,113063,607,20,2,0.21,27862,109389,0
52,77415,390,34,1,0.05,97689,210645,1
38,38074,692,7,2,0.52,17312,74721,1
54,35549,833,31,5,0.51,11943,41994,0
22,49963,409,3,0,0.19,69734,123569,1
36,111456,639,11,1,0.76,18325,12692,1
31,116362,655,13,5,0.36,75268,131728,0
43,121607,467,22,3,0.07,72341,208413,1
21,72265,751,0,5,0.21,53879,234565,0
42,36061,404,20,4,0.57,85449,167750,0
62,78226,449,36,3,0.2,67738,100106,1
59,48810,445,29,2,0.09,65010,279937,1
42,80006,598,8,3,0.51,83570,162614,0
35,142538,466,17,5,0.44,4006,91169,0
57,133502,347,25,3,0.62,62876,282781,0
25,42800,538,6,4,0.63,64228,90331,0
56,136192,306,23,5,0.77,53056,79774,0
57,128959,763,35,4,0.09,9505,228757,1
31,145433,752,9,3,0.08,21498,126170,1
49,127228,670,30,4,0.79,17505,59947,0
68,95476,848,40,3,0.53,63518,130334,0
55,89460,786,35,1,0.59,7603,214033,1
50,77767,510,16,3,0.12,25744,92138,1
40,48054,464,20,0,0.1,70218,281820,1
32,95319,424,2,4,0.17,14460,250573,0
50,122789,636,26,4,0.37,54273,69758,0
42,65397,491,22,2,0.13,80095,161750,1
34,33233,513,2,2,0.38,29544,54962,0
50,131205,627,23,0,0.47,7864,213563,1
64,110020,680,40,4,0.05,90314,144340,1
19,45068,538,0,4,0.14,80770,111212,0
31,85727,831,9,2,0.33,29593,161673,1
57,110610,381,32,2,0.09,45657,206047,1
57,90453,662,26,3,0.15,2729,53139,1
68,124135,804,40,5,0.22,45515,149299,1
56,45832,501,25,4,0.37,88872,231125,0
68,128464,803,39,4,0.59,55281,100238,0
23,106242,336,4,3,0.15,35936,76925,0
23,33682,701,0,4,0.6,13413,50229,0
20,112298,475,2,0,0.69,48652,226000,0
24,43383,844,0,2,0.54,30764,292412,0
68,78160,766,40,2,0.08,64784,67448,1
25,113332,500,0,5,0.38,46741,202940,0
59,43666,839,29,2,0.55,74204,11300,1
69,78817,846,40,1,0.78,79796,219266,1
32,111198,693,0,0,0.76,77844,44934,0
64,130695,341,40,0,0.35,60773,161892,1
46,54642,692,13,3,0.51,75432,231514,0
50,61830,740,22,1,0.72,20283,6867,0
69,123067,805,40,4,0.67,86127,99117,1
47,30234,619,21,5,0.41,26282,140714,0
56,77616,514,24,0,0.25,65560,107190,1
44,29221,370,14,1,0.15,80455,13352,1
53,31410,535,26,1,0.42,74210,138108,1
46,100055,580,16,0,0.59,97235,200164,0
55,81413,461,21,3,0.78,97376,19722,0
50,21051,490,26,1,0.7,53984,152258,0
54,130529,308,31,2,0.2,19392,254320,1
44,95301,359,14,1,0.59,98496,96487,0
50,96918,524,16,4,0.27,5721,194969,0
21,98116,586,0,0,0.56,30197,269425,1
39,142226,468,18,4,0.55,27173,101231,0
19,76563,361,0,3,0.25,2066,264965,0
27,117859,648,0,5,0.23,93911,63054,0
22,64757,741,0,2,0.13,60418,118052,1
27,146169,313,6,0,0.09,68454,189391,1
50,141008,463,30,1,0.69,75993,152098,1
55,97475,719,36,2,0.09,77262,106185,1
30,71257,819,3,1,0.12,15282,169943,1
48,115500,847,18,3,0.23,25815,164242,0
64,20307,327,31,5,0.72,23594,114970,0
53,76889,745,25,0,0.3,73984,68455,1
62,88895,507,35,3,0.19,57511,105481,0
41,115184,769,15,3,0.59,67678,222493,0
69,55944,403,40,5,0.29,86768,100264,0
32,119555,725,14,3,0.3,67951,210335,1
46,58134,400,15,3,0.6,7374,44828,0
25,47323,840,7,1,0.24,27974,50329,1
22,136205,821,0,4,0.72,70178,199278,0
46,91762,405,18,1,0.47,84472,160780,1
64,107225,576,32,5,0.45,32914,283100,0
21,116507,364,0,2,0.25,51014,220044,1
29,45954,487,0,5,0.68,62379,108250,0
62,75021,616,31,5,0.48,10347,92745,0
19,109959,437,1,5,0.17,91468,215340,0
44,115927,642,18,5,0.2,60015,67809,0
48,99866,404,24,3,0.4,90129,92964,0
68,90427,845,40,5,0.63,67864,9089,0
68,24992,679,40,2,0.75,51181,297932,1
53,21961,409,34,5,0.55,19760,97959,0
53,32497,844,30,1,0.43,86161,84535,1
43,137551,653,12,3,0.24,93103,255180,1
60,52551,616,40,1,0.55,78599,79478,1
44,96384,565,20,3,0.79,98166,139322,0
22,145374,364,0,1,0.41,93497,263303,0
37,75755,632,16,0,0.17,4140,60714,1
28,33255,812,6,4,0.13,83801,203866,1
27,24567,432,0,4,0.25,75266,243478,0
57,68847,839,36,3,0.48,63176,254570,1
55,124817,834,25,0,0.76,15057,259528,0
23,68003,795,0,2,0.27,70093,60509,0
25,40389,668,0,0,0.28,30114,277912,1
40,64523,398,21,3,0.41,79747,69684,0
64,143802,616,40,0,0.74,57215,23167,1
43,81576,422,18,2,0.36,19580,186317,1
63,147342,619,35,3,0.22,84870,261051,1
60,63919,794,28,4,0.17,10802,222524,1
29,102103,756,0,5,0.39,88857,272261,0
43,142443,821,9,0,0.65,70543,266870,1
30,23358,819,0,4,0.27,5675,233910,0
57,108535,614,28,4,0.43,15058,282066,0
35,127894,841,8,1,0.5,50001,62861,1
42,141485,778,19,2,0.39,38519,207728,1
50,96524,319,25,5,0.19,72755,7477,0
64,143416,429,34,0,0.74,16445,273281,1
57,125982,592,38,4,0.47,74954,103346,0
60,117057,431,33,4,0.6,90450,133823,0
29,25698,655,8,2,0.53,96166,254201,0
61,86809,353,32,5,0.8,29695,144667,0
53,113079,686,29,5,0.39,96970,161974,0
65,75805,564,40,4,0.37,52227,51261,1
21,51349,514,0,4,0.32,80992,93266,0
22,96777,759,0,4,0.32,31185,179181,0
54,70248,757,22,4,0.26,90692,68039,0
25,95033,342,0,1,0.79,46908,64737,0
59,127411,577,40,1,0.7,44631,187874,1
66,118239,429,33,5,0.29,48993,255105,0
45,64041,649,23,3,0.28,3078,233534,0
48,51954,843,27,0,0.13,96886,217269,1
26,28002,405,3,2,0.71,78609,55029,0
68,89783,300,34,3,0.33,24778,202911,0
46,127524,731,22,1,0.48,24397,224032,1
31,107234,605,7,1,0.73,69857,77988,0
57,144857,826,31,1,0.36,13337,293618,1
58,39738,352,28,3,0.66,7011,102409,0
39,30703,819,8,1,0.37,40855,242815,1
28,133776,629,0,3,0.58,76532,126483,0
40,69422,624,14,1,0.37,47845,257804,1
18,103106,413,0,4,0.34,21046,19426,0
63,81899,446,40,4,0.79,88030,131689,1
54,32392,465,29,0,0.51,7618,35541,1
38,64724,678,6,1,0.33,73435,235729,1
43,52299,438,17,0,0.24,32322,248791,1
63,35641,598,40,3,0.08,34797,96092,1
53,99534,575,32,0,0.58,16128,141037,1
40,26305,477,12,1,0.33,34179,127400,1
18,118262,653,0,3,0.67,68517,180196,0
68,38782,453,40,3,0.32,35073,19213,1
57,98257,500,39,4,0.33,79014,169033,0
32,125299,414,3,3,0.63,92965,291983,0
38,97963,367,6,3,0.42,38363,297469,0
64,132086,744,32,0,0.71,12697,96583,1
26,141987,744,0,5,0.49,16422,15207,0
26,40566,625,2,3,0.23,39380,108318,1
27,144591,658,0,2,0.48,96877,209486,0
69,87766,444,40,5,0.05,61857,284828,1
43,26511,574,23,4,0.28,68573,172040,1
58,134816,808,38,4,0.21,76058,270517,0
52,127765,478,21,3,0.54,22259,95685,0
69,138360,776,40,0,0.15,78534,113033,1
42,46177,713,18,5,0.27,73622,20178,1
43,24765,452,19,4,0.3,2149,293100,0
28,40354,403,6,4,0.05,23792,45692,0
55,43929,374,35,2,0.09,17390,49119,1
19,48820,427,0,3,0.28,35204,9991,0
24,131576,644,0,5,0.22,37018,272346,0
35,49523,830,14,4,0.14,94651,132492,0
44,91088,458,19,4,0.17,90583,287460,0
51,86163,837,21,4,0.68,83614,34695,0
44,97525,725,19,4,0.56,22471,268754,0
34,33780,322,2,0,0.41,15263,131092,1
60,26589,346,26,1,0.73,61309,100862,1
61,54812,824,39,2,0.07,53451,258727,1
68,113664,443,40,0,0.31,71379,202228,1
41,65939,718,13,2,0.67,78969,269746,0
42,71493,384,15,4,0.52,12559,241474,0
24,124188,715,0,2,0.79,64728,229537,0
69,113326,781,37,3,0.76,5952,197327,1
23,60953,755,0,3,0.18,62726,196333,0
41,85785,596,8,1,0.78,41610,20903,0
50,39309,411,18,1,0.76,99329,238715,1
66,74195,529,40,2,0.33,87467,13070,1
46,135662,395,20,0,0.79,3153,38217,1
60,45901,677,32,0,0.08,95447,263453,1
39,43576,455,20,4,0.55,9019,66305,0
43,51508,720,13,0,0.25,86409,20106,1
45,94711,404,24,1,0.15,98167,271161,1
67,45464,629,40,0,0.48,38929,34420,1
38,80281,738,16,4,0.28,18028,280726,0
66,36260,431,40,3,0.55,35620,84403,0
24,144997,681,4,0,0.45,49474,186623,0
34,55440,437,11,0,0.34,11623,253008,1
37,115082,569,10,1,0.19,86504,147057,1
58,125583,849,36,2,0.5,4809,282949,1
66,76683,695,40,3,0.67,93907,22107,1
37,144206,763,13,2,0.5,52046,178473,0
39,61430,749,14,4,0.51,63496,78071,0
45,21987,630,27,4,0.43,32739,160153,0
57,134778,552,36,2,0.34,54452,11846,1
66,45105,584,40,1,0.39,74324,249531,1
24,98484,573,0,5,0.79,7977,252511,0
18,138747,319,0,1,0.61,35838,237796,0
49,33026,538,22,5,0.37,69192,297069,0
30,88309,569,12,5,0.39,5134,253243,0
47,65927,717,26,1,0.42,54420,73748,1
40,95414,609,7,5,0.54,30431,250023,0
68,77535,330,35,5,0.4,70020,183769,0
36,62946,403,11,5,0.56,50565,289838,0
49,146503,485,22,3,0.3,57993,142114,1
47,76561,427,14,4,0.36,59035,144085,0
46,30377,509,18,5,0.7,48312,36285,0
66,73592,713,40,4,0.3,39916,47446,1
62,27347,580,40,4,0.77,93810,8754,1
46,53776,552,17,3,0.18,21693,278331,0
47,23783,318,24,4,0.23,39559,259170,0
33,75798,435,3,2,0.4,83839,71082,0
57,24298,522,23,0,0.65,51058,110654,1
36,90204,302,18,3,0.6,86130,116693,0
35,106207,535,10,0,0.18,85639,249019,1
18,120356,764,0,2,0.23,12858,232207,1
31,75161,527,3,1,0.48,81538,9516,0
68,80652,798,37,1,0.27,71431,248521,1
64,54484,820,37,5,0.37,44324,28376,1
67,118614,438,35,1,0.41,50944,89853,1
19,149572,575,0,3,0.5,91687,49968,0
45,132695,590,21,1,0.24,76455,154018,1
66,40922,352,39,3,0.17,45187,211885,1
67,54028,409,40,3,0.35,88463,31365,1
47,131461,303,20,0,0.11,29147,160531,1
55,40316,346,24,1,0.45,78914,101100,1
68,96996,393,38,4,0.68,88081,61350,0
21,36968,512,0,1,0.14,79593,21588,1
18,50266,735,0,1,0.13,2360,151112,1
25,145679,807,6,1,0.11,3048,153197,1
46,115745,504,25,5,0.69,40020,264252,0
56,44000,680,22,4,0.11,44935,166831,0
20,143239,372,0,4,0.79,23482,77585,0
49,34011,815,23,3,0.32,92199,217124,1
27,22866,375,0,4,0.3,33973,271881,0
27,132669,376,0,3,0.12,16185,55257,1
36,25898,709,10,0,0.49,20699,241206,1
63,38395,405,32,3,0.49,56885,277159,0
51,59019,850,21,1,0.42,42582,64991,1
50,123243,775,27,2,0.28,19061,151167,1
40,24006,574,19,2,0.33,78015,151125,0
45,54393,387,11,5,0.29,45597,167591,0
49,30956,376,29,1,0.37,11892,113702,1
67,70042,376,36,3,0.31,24931,207914,1
24,116199,741,0,1,0.56,25654,17573,1
46,26078,839,16,5,0.27,89478,22248,0
25,49631,544,0,4,0.31,59820,284085,0
18,115676,681,0,3,0.38,54886,21124,0
20,141724,441,0,1,0.05,73470,8819,1
41,82901,667,8,4,0.42,96269,100822,0
40,127227,383,21,5,0.24,86148,16164,0
25,89497,442,0,4,0.09,98391,37701,0
64,114813,651,30,3,0.73,75842,218083,0
54,137192,844,34,5,0.29,66324,112747,1
20,61574,451,1,5,0.37,83080,185509,0
68,138494,457,40,5,0.67,66027,213106,1
50,51417,745,31,0,0.18,2425,168941,1
45,108020,602,26,5,0.69,2733,127857,0
64,103639,749,38,0,0.23,46375,9235,1
25,85006,523,2,4,0.49,65411,247498,0
51,114881,342,22,0,0.56,11603,17015,1
52,131862,563,26,4,0.73,13152,19601,0
49,59454,302,25,0,0.51,16801,274653,1
41,21587,567,12,4,0.39,85442,45975,0
31,141688,315,9,4,0.48,57318,294103,0
49,128107,633,16,5,0.2,95973,268053,0
63,135584,763,40,5,0.57,17985,136190,1
60,74710,358,31,4,0.19,93471,73649,1
33,143157,476,7,5,0.47,22068,109457,0
21,106567,362,0,4,0.54,14531,219483,0
69,111748,606,40,5,0.72,35288,23480,0
54,95886,545,25,2,0.39,92017,275088,1
38,38816,588,18,0,0.63,92762,40022,1
31,105824,631,0,4,0.18,67653,53707,0
48,49432,826,24,1,0.17,99197,191327,1
65,129758,554,38,5,0.44,41068,223250,0
35,68617,809,3,5,0.5,13459,33708,0
24,92373,762,5,3,0.52,87641,63823,0
27,54217,498,0,1,0.61,86000,201737,0
24,40884,570,3,1,0.27,33554,257514,0
50,25454,363,32,2,0.52,71313,154227,1
40,94960,529,21,0,0.19,77968,265754,1
38,122421,548,19,2,0.21,15271,287982,1
36,127173,545,15,0,0.1,4801,159226,1
65,63618,456,40,4,0.61,73593,35294,1
36,103948,387,2,2,0.43,27511,133557,0
53,82671,612,22,3,0.23,74046,258010,0
46,67111,365,27,0,0.47,74635,79233,1
35,59613,319,2,2,0.32,81729,115367,0
19,105678,332,0,3,0.68,56233,75254,0
18,140592,372,0,1,0.45,21011,286204,0
64,122928,642,40,5,0.07,63963,136168,1
22,144917,432,3,4,0.79,49900,239777,0
37,79993,354,18,4,0.11,21764,16058,0
28,148652,360,6,1,0.57,52694,148290,0
59,28848,819,38,2,0.38,70986,205571,1
19,134853,571,0,5,0.24,81085,51622,0
20,98672,545,0,1,0.56,7960,179446,0
40,139279,475,13,3,0.14,17583,121455,0
29,86125,616,2,5,0.69,73532,96628,0
37,106444,430,19,0,0.24,85103,53316,1
22,137509,401,0,2,0.32,15201,148358,1
54,81602,609,26,5,0.52,71579,68539,0
55,92045,591,36,0,0.05,61019,34235,1
47,125997,794,23,1,0.4,21420,213203,1
26,62222,660,5,4,0.72,41602,30552,0
51,69223,637,21,5,0.56,53645,280773,0
61,130012,309,31,5,0.34,54124,195000,0
52,131246,348,18,0,0.55,50031,100461,0
69,85333,786,40,0,0.75,13629,148915,1
39,72732,620,16,4,0.19,58731,102571,1
61,142650,432,40,0,0.45,29675,291132,1
41,69420,382,16,0,0.23,2662,234594,1
34,95504,356,0,5,0.69,81270,85513,0
27,22462,675,0,4,0.59,8589,144023,0
47,29460,648,23,4,0.65,50364,96607,0
63,119319,570,30,5,0.76,5655,295859,0
40,145602,782,16,1,0.22,75285,197365,1
49,29275,410,15,1,0.09,11797,185288,1
34,114213,375,13,5,0.27,98466,42109,0
67,33269,457,38,0,0.35,7645,182736,1
68,149593,831,38,2,0.52,78431,227908,1
34,142672,628,13,1,0.65,35762,130085,1
31,85942,421,13,1,0.31,48634,24369,1
26,92920,340,8,5,0.41,22432,239970,0
57,140737,466,33,5,0.64,48890,226009,0
19,42553,322,0,2,0.22,83394,115150,0
62,44366,578,40,2,0.21,60111,218996,1
42,64036,768,9,4,0.49,74769,285650,0
56,37369,699,24,5,0.38,44611,199697,0
26,31795,308,3,1,0.76,98540,214374,0
39,90021,312,20,3,0.32,27671,271125,0
60,127205,351,34,3,0.62,37760,263434,1
63,88154,508,40,0,0.49,94977,24789,1
21,50143,849,0,1,0.09,29233,98046,1
43,49425,701,15,3,0.11,38591,217130,1
46,108209,490,16,1,0.2,68804,171887,1
62,95139,350,34,5,0.16,92756,31497,1
51,125232,692,26,1,0.3,51091,101060,1
40,25368,599,16,3,0.48,5438,180031,0
54,24621,495,21,1,0.5,85905,170857,1
28,78829,716,8,2,0.49,46896,149438,0
23,149036,719,0,0,0.14,93139,42649,1
35,80294,821,3,4,0.5,12319,163000,0
38,34719,655,4,3,0.36,81258,91117,0
59,49227,447,31,5,0.73,7028,291249,0
53,129430,664,31,4,0.73,26940,24843,0
58,27566,663,25,0,0.63,97984,115250,1
55,32306,701,23,2,0.58,9422,243799,0
51,73822,791,24,2,0.14,52651,131000,1
34,44042,528,3,2,0.11,60648,221581,0
54,35086,836,35,2,0.68,44441,111643,0
42,37387,567,9,3,0.37,21688,213243,1
55,47042,704,30,3,0.39,47280,288601,1
29,109424,310,0,1,0.69,15472,234023,0
40,71618,619,13,5,0.52,81436,216442,0
59,112050,425,37,1,0.18,36671,238626,1
39,38323,605,6,5,0.21,61809,91245,0
38,38019,810,9,0,0.05,74299,5157,1
44,95426,388,14,1,0.58,11960,126399,1
48,60863,654,22,0,0.41,77620,215070,1
23,140953,651,0,0,0.76,3074,79493,0
44,131023,313,15,0,0.59,74361,73148,0
57,30283,556,35,2,0.13,35833,148092,1
51,38279,508,22,4,0.17,91741,297391,0
29,66999,580,11,4,0.43,36976,5443,1
62,82780,742,29,3,0.74,71210,43741,0
24,42908,688,0,0,0.24,66658,270054,1
27,81584,782,1,2,0.67,51108,49169,0
62,146278,446,32,1,0.28,22480,284453,1
34,133002,578,0,1,0.25,51138,99499,1
43,70225,820,9,3,0.73,10443,160307,0
38,57952,733,17,3,0.09,70969,119360,1
45,120706,443,14,0,0.55,1990,191154,1
63,57663,588,39,0,0.08,72092,211034,1
19,142019,685,0,1,0.65,93198,270066,1
60,129708,313,40,1,0.67,62336,294915,1
18,81381,556,0,1,0.72,30097,202527,0
68,67929,645,36,1,0.19,71245,42772,1
53,29343,644,25,4,0.14,90893,80494,1
68,96173,699,40,0,0.43,20186,141647,1
43,120260,506,24,0,0.25,52356,254468,1
46,59791,471,25,1,0.5,85744,117498,1
38,49134,763,4,2,0.44,89015,59080,1
28,132366,569,0,1,0.16,94014,212471,1
57,67101,520,32,5,0.6,13922,86393,0
28,89443,451,0,3,0.65,93615,254159,0
53,119111,482,32,5,0.77,31766,37309,0
66,77530,698,40,2,0.35,20787,132984,1
56,66799,371,35,3,0.3,23537,38368,1
57,24827,717,37,2,0.19,76919,82670,1
52,116143,582,29,3,0.19,54034,249666,1
51,82653,373,27,1,0.29,98431,133450,1
64,33699,654,33,1,0.79,46542,278724,1
41,122828,796,12,2,0.12,4207,25966,1
39,133497,627,6,3,0.24,29234,217645,0
22,111419,834,0,4,0.11,31568,204394,0
50,134527,746,31,2,0.26,69633,89615,1
53,136972,672,23,2,0.12,85558,282375,1
64,25313,661,39,5,0.43,55703,38399,0
37,33598,392,4,0,0.38,53623,205050,1
36,131362,620,15,2,0.18,54454,245601,1
52,135445,623,19,4,0.18,82504,201597,1
69,48807,683,40,1,0.52,77685,136097,1
60,90423,645,39,3,0.34,61631,146473,1
34,89390,402,1,0,0.09,76253,118172,1
62,65226,514,32,3,0.74,17642,265978,0
60,79550,491,38,1,0.35,80176,11553,1
51,100072,493,19,2,0.49,83373,274899,1
26,23558,679,1,5,0.71,9990,214992,0
43,95308,702,19,4,0.35,54622,229086,0
19,70113,310,0,0,0.67,52663,181136,1
26,72999,486,2,4,0.74,5170,51669,0
26,75878,314,2,4,0.18,25817,216061,0
57,56343,596,30,4,0.72,6136,140869,0
34,78219,710,3,4,0.14,2712,83053,0
18,55186,351,0,1,0.26,95330,21943,0
42,56966,327,18,4,0.66,74687,113374,0
60,53769,316,36,5,0.73,53479,31831,0
57,139932,650,33,4,0.56,11473,123602,0
59,146264,727,37,1,0.13,81839,291958,1
42,125423,528,24,3,0.44,86031,196330,0
56,73218,509,25,1,0.48,22625,211271,1
52,39229,730,22,5,0.26,14761,223404,0
20,95209,593,0,5,0.79,75454,20784,0
67,47877,403,40,2,0.3,2821,238988,1
54,78001,503,27,1,0.21,49646,179169,1
61,117137,352,27,3,0.13,37200,19072,0
61,58084,674,38,2,0.33,84889,279170,1
68,101780,353,36,2,0.57,49250,237467,0
47,112892,575,15,0,0.22,85304,57832,1
55,36806,634,22,4,0.63,37447,36041,0
51,108635,330,26,2,0.15,30184,205106,1
29,130177,434,0,2,0.38,50754,150977,0
36,57034,357,16,5,0.58,17811,108810,0
54,60317,404,31,3,0.15,27595,226447,1
61,75468,565,36,2,0.5,92568,127343,1
66,39094,821,33,3,0.65,18757,217554,1
34,77796,795,2,4,0.5,12954,59100,0
27,30589,552,0,5,0.43,96329,107169,0
66,77221,594,34,0,0.68,62349,107800,1
64,144855,457,34,0,0.79,38930,124140,1
29,21657,848,4,4,0.19,93342,214330,0
33,118300,366,2,4,0.57,89760,95230,0
41,137229,598,13,5,0.11,95772,233519,0
36,59531,762,13,5,0.08,4811,149382,0
25,72227,400,7,1,0.26,31368,105699,0
48,23164,355,29,2,0.78,33719,94591,0
38,113078,631,8,2,0.46,9637,216482,0
34,103973,692,16,2,0.25,13133,264584,1
40,61247,680,19,3,0.15,47986,167989,1
54,124041,391,35,1,0.74,29871,190738,1
33,39601,746,0,2,0.32,94107,137774,0
23,113966,408,3,3,0.28,42472,62873,0
25,70599,616,0,3,0.69,59333,281681,0
42,91545,467,20,0,0.5,56508,86428,1
35,135295,734,10,3,0.18,2401,33544,1
42,24552,741,13,4,0.37,11004,126875,1
29,136452,517,0,5,0.75,99849,251648,0
32,29417,521,14,3,0.73,36301,115024,0
43,78579,827,25,4,0.1,94544,209698,1
58,127525,577,26,4,0.25,6901,269313,0
62,88207,765,28,0,0.17,70621,277567,1
43,92055,329,24,0,0.45,68751,178875,1
64,122266,658,30,3,0.61,49809,254411,1
49,98270,587,23,0,0.27,82299,98988,1
27,131426,385,0,0,0.62,59171,275161,1
33,137865,533,12,5,0.55,68720,37948,0
24,23722,612,0,2,0.6,65744,96529,0
34,90442,664,13,3,0.76,11354,37219,0
40,115632,568,16,3,0.37,59860,166932,0
43,60031,430,12,3,0.31,10504,256531,0
38,99235,650,12,0,0.56,55320,157135,1
39,41438,479,21,5,0.66,4523,202894,0
24,78819,779,6,0,0.19,75243,105494,1
31,63856,462,10,4,0.69,87703,177738,0
32,53576,395,14,1,0.09,34787,114713,1
24,61938,809,0,1,0.05,92407,292013,1
26,69028,664,7,1,0.17,24982,252321,1
68,79807,652,36,2,0.78,2049,34093,1
65,69877,735,40,0,0.44,14381,257320,1
25,117783,382,0,4,0.08,68876,155634,0
67,63461,524,33,4,0.8,49390,73925,0
40,113474,711,10,1,0.61,13061,244674,1
46,60469,417,26,5,0.68,72241,106367,0
35,103136,781,14,2,0.21,51296,60553,1
48,40435,491,27,2,0.13,25014,62279,1
47,104117,406,19,1,0.44,65535,40608,1
69,34191,681,40,1,0.63,66191,65840,1
56,104726,689,28,0,0.53,52576,15770,1
52,143658,543,24,5,0.52,29147,60461,0
35,135660,767,8,2,0.62,69020,293771,0
59,47386,837,37,4,0.22,57148,273290,1
56,51721,509,26,1,0.55,2745,63074,0
34,74786,372,5,0,0.34,23148,159323,1
31,33704,608,4,4,0.1,17216,99771,0
48,76635,485,24,2,0.2,99083,175185,1
41,22123,552,12,1,0.65,42929,189783,1
52,110710,312,20,5,0.72,63637,280466,0
61,129837,598,39,1,0.26,60991,12747,1
62,134912,375,31,5,0.19,23012,261632,1
51,82993,350,22,0,0.07,67313,119702,1
20,132752,448,0,0,0.76,10525,245696,0
54,100122,421,32,2,0.56,44348,63697,1
60,117512,510,27,5,0.77,61447,40903,0
57,45416,579,28,1,0.7,69650,203885,1
43,21814,837,21,0,0.31,87030,203264,1
40,98537,455,7,1,0.13,67881,55812,1
61,70258,537,32,2,0.42,3041,39531,0
56,36508,675,37,5,0.07,80866,259493,1
32,105166,381,9,1,0.16,79734,151485,1
66,98916,791,40,4,0.23,52826,176705,0
21,133710,655,0,1,0.55,76283,256598,0
46,55699,572,19,3,0.43,18073,208518,0
39,66335,343,5,3,0.28,96822,65032,0
42,66806,422,11,2,0.47,29028,106058,0
30,97853,648,0,2,0.14,92646,78637,1
35,83768,629,10,2,0.62,24440,209675,0
50,55739,708,30,4,0.58,33887,164307,0
33,54785,622,0,5,0.21,39937,75744,0
62,51980,410,38,4,0.5,66045,248553,0
59,109335,388,29,1,0.43,62503,80961,1
61,120719,732,28,0,0.1,78782,295629,1
19,114702,398,0,5,0.26,28428,103059,0
52,105016,838,31,3,0.8,2613,149254,0
59,21609,445,32,3,0.12,49343,207830,1
51,86253,556,21,3,0.43,74159,19480,1
47,105481,488,20,1,0.69,61127,193032,0
30,111128,539,0,1,0.28,53088,187285,1
30,48141,802,1,2,0.25,72195,68094,1
35,50009,570,17,0,0.72,46023,181129,1
49,147581,819,25,2,0.28,30653,236939,1
49,130966,849,23,1,0.54,78616,109513,1
52,26782,413,27,4,0.61,78512,282933,0
56,112072,638,26,2,0.64,16718,125497,0
63,119352,658,32,5,0.8,75877,241775,0
69,45933,633,40,1,0.65,55219,31287,1
46,97154,468,21,1,0.54,54954,282158,1
66,28307,638,33,4,0.72,17296,22467,0
46,112207,560,18,4,0.73,27285,190426,0
61,126209,498,28,4,0.78,53310,82897,0
33,128297,510,2,0,0.63,15134,201037,1
61,95874,586,40,5,0.2,54642,90417,1
64,58346,771,40,1,0.58,95873,289024,1
27,132138,781,7,4,0.11,1455,262266,0
47,70772,322,26,0,0.29,74179,124618,1
42,92084,408,20,3,0.14,71156,293123,0
56,60149,595,29,5,0.76,9867,53741,0
37,106700,305,18,3,0.3,26577,280504,1
22,47526,849,0,3,0.58,29647,241615,0
18,116758,502,0,1,0.48,49894,94059,0
47,105712,624,25,0,0.13,92007,175282,1
66,148447,543,40,0,0.47,71635,298597,1
20,88477,626,0,3,0.55,14887,145347,0
62,25695,346,33,5,0.71,44314,166124,0
31,59169,312,2,2,0.1,49203,232669,0
47,67947,679,14,3,0.27,94205,169813,0
67,67224,664,33,1,0.57,1059,244370,1
21,65865,641,0,3,0.08,13673,53162,0
35,45553,520,1,5,0.2,56351,231838,0
54,124501,372,20,5,0.21,89231,299343,0
42,80410,345,23,3,0.55,72067,22572,0
65,123754,803,40,0,0.26,69300,270587,1
18,110895,573,0,3,0.5,2794,246502,0
63,44816,507,29,4,0.77,11721,99521,0
32,75026,423,3,4,0.64,60286,76220,0
26,70705,309,7,2,0.3,6686,280739,0
32,81922,628,9,1,0.4,48443,71857,1
66,135700,486,40,1,0.2,96003,281954,1
41,93914,842,19,0,0.06,65263,252783,1
21,21881,359,0,1,0.27,63722,142812,0
29,59567,741,4,2,0.33,53573,37712,0
54,67365,516,29,4,0.47,13888,10468,0
54,147928,301,31,0,0.76,40348,134468,1
60,99211,835,40,5,0.76,14533,279848,0
23,90122,655,1,4,0.1,22916,70974,1
56,45006,464,30,2,0.51,62422,70700,1
63,61198,390,39,0,0.08,51525,134443,1
41,42831,466,20,3,0.54,4553,193059,0
28,120649,506,4,1,0.14,9144,172177,1
30,36459,581,8,2,0.76,92045,153443,0
51,52443,364,23,0,0.7,60931,222604,1
42,62316,815,10,4,0.07,64712,295897,0
24,116131,456,5,0,0.64,6437,90765,0
69,84486,605,39,3,0.53,91083,65630,1
21,25877,694,0,2,0.42,33518,160675,0
25,59553,373,1,0,0.5,24830,244592,0
37,134137,486,12,5,0.56,75285,159380,0
46,24922,636,23,2,0.71,47553,107897,1
68,142778,539,40,2,0.63,88885,298400,1
62,137018,832,38,4,0.48,95825,187713,1
63,24686,440,40,1,0.67,6915,162505,1
27,52766,564,5,5,0.79,29695,34731,0
60,99943,438,40,3,0.28,76270,11401,1
51,52006,758,19,0,0.14,15703,127992,1
43,51422,369,23,1,0.6,89035,105041,1
58,136590,684,33,4,0.78,22478,154517,0
66,148886,497,40,1,0.14,68918,162042,1
20,32205,504,0,2,0.37,31128,198962,0
23,106590,730,0,2,0.1,54250,254319,1
22,43527,624,3,3,0.63,92119,190685,0
22,131483,741,0,5,0.76,38126,37235,0
64,38443,587,34,0,0.42,47799,15428,1
40,36524,525,12,0,0.36,95228,183257,1
66,136477,363,40,4,0.73,59248,173893,0
26,48202,797,0,3,0.15,33907,184073,1
52,85552,359,19,0,0.72,8644,221006,1
37,66142,696,11,5,0.34,35583,118020,0
66,81692,556,40,2,0.47,55560,44633,1
59,102384,538,31,3,0.45,16185,224464,1
52,40855,337,26,1,0.51,42988,127104,1
67,103747,324,39,3,0.76,11446,281551,0
35,80372,709,5,3,0.76,24162,154152,0
34,45095,760,15,5,0.67,15150,78860,0
41,58724,716,10,5,0.19,42304,274551,0
20,69241,656,0,0,0.3,96373,9220,1
49,123119,682,24,4,0.42,37003,27554,0
52,72003,457,19,4,0.73,52746,214102,0
55,88379,732,26,5,0.44,67923,82021,1
30,114837,347,2,0,0.78,78745,70847,0
64,111996,627,40,0,0.79,1983,97541,1
42,117454,732,22,0,0.5,48114,108738,1
26,114283,730,0,5,0.71,98687,152052,0
21,35972,355,2,4,0.8,52274,263343,0
31,143805,567,3,0,0.69,88339,251161,0
54,113846,368,34,5,0.54,20378,201729,0
51,42927,748,33,1,0.68,8548,38518,1
28,140589,556,10,1,0.11,40621,54257,1
58,135657,789,29,2,0.53,67311,274078,1
20,86630,348,0,1,0.21,87901,82895,1
45,124428,615,23,3,0.14,97243,122926,1
46,142035,712,23,2,0.72,90673,284772,0
26,72347,733,0,1,0.53,22531,226259,0
20,119708,301,0,3,0.23,18870,290393,0
42,146244,444,13,1,0.34,50547,243577,1
51,108860,665,31,5,0.78,46738,128332,0
29,106210,719,10,3,0.7,68537,5765,0
59,89518,743,35,0,0.06,15756,88417,1
26,65283,733,7,5,0.78,58707,246300,0
32,101326,356,8,3,0.33,41830,122526,0
57,32205,477,29,5,0.57,94399,256796,0
42,140243,592,14,0,0.58,11046,173906,1
22,109874,345,0,3,0.73,24652,294143,0
28,32748,469,8,3,0.71,56029,175214,1
51,41097,570,20,5,0.26,37956,237125,0
41,23092,716,13,1,0.53,14886,114792,1
32,73311,438,11,3,0.35,87281,263522,0
55,42692,546,21,1,0.44,32823,266696,1
25,144954,447,0,3,0.47,39948,193001,0
22,43862,529,2,4,0.35,14322,34867,0
65,110396,673,38,2,0.4,74330,131040,1
43,99507,379,11,1,0.21,7162,128105,1
35,100152,364,10,1,0.51,83293,11286,0
23,90469,387,3,0,0.62,6905,162362,0
54,24926,387,30,4,0.37,95301,140221,0
65,111299,503,38,0,0.78,58483,195659,1
30,23969,681,4,4,0.09,39457,109152,1
45,55733,775,14,4,0.49,85940,110960,0
22,89855,838,0,5,0.49,16380,72881,0
30,61743,513,2,5,0.08,16508,158005,0
34,59876,373,16,5,0.22,20676,109984,0
67,127445,360,40,3,0.73,89796,210378,0
57,40323,842,34,0,0.46,73433,285226,1
62,36428,518,40,2,0.38,2564,15863,1
49,54578,311,29,4,0.36,14870,274128,0
46,106486,714,27,4,0.72,15219,60189,0
68,128577,331,40,1,0.33,82977,98039,1
20,84140,459,0,3,0.69,20880,174096,0
57,146378,536,23,2,0.28,11379,109855,1
51,127325,480,23,5,0.45,55294,54430,0
57,103829,640,28,4,0.16,3948,132652,1
44,26364,757,24,1,0.67,96129,40086,1
30,148867,379,7,0,0.6,36902,108651,1
62,55349,772,38,4,0.45,84507,281606,0
50,20691,411,32,1,0.07,9969,289467,1
23,146899,591,0,0,0.41,63805,23167,1
41,115598,682,11,3,0.22,21646,15067,0
36,86467,316,12,5,0.36,61566,191854,0
33,65896,792,7,0,0.69,56818,8226,1
57,77062,630,37,4,0.63,64451,41738,0
45,117266,785,16,2,0.23,4678,298799,1
50,99762,705,25,0,0.79,94055,285998,1
65,33861,416,39,2,0.73,69879,89811,1
58,116837,414,28,2,0.45,5014,211483,1
30,133779,848,5,0,0.45,6107,254811,1
60,108302,846,33,3,0.73,38423,33737,0
62,121710,635,28,0,0.53,33332,247478,1
42,83928,635,18,1,0.45,35010,143973,1
59,126643,446,25,5,0.61,89935,88094,0
53,135720,421,34,2,0.23,3661,15001,1
44,103231,380,24,5,0.71,5798,231069,0
55,61347,674,37,4,0.45,67076,232018,1
24,23121,362,0,2,0.5,23329,127600,0
22,103793,803,0,4,0.12,57060,64489,0
60,48164,748,30,1,0.28,26850,42896,1
62,45491,727,36,1,0.37,85705,231206,1
68,79222,726,40,5,0.36,4157,255616,0
48,43165,720,25,1,0.63,38485,262513,1
40,134250,621,13,0,0.26,6336,207768,1
59,23748,465,39,2,0.19,73701,179642,1
27,118581,760,5,4,0.49,94154,26185,0
49,46553,758,21,5,0.51,43280,206965,0
60,136547,488,33,5,0.14,53145,131734,0
47,80380,763,13,1,0.05,80290,85125,1
56,64331,678,35,1,0.74,6209,15037,1
48,116033,301,30,4,0.11,62402,170177,1
35,116844,663,4,2,0.72,81026,141492,0
53,140617,371,28,2,0.35,94137,218109,1
19,59560,726,0,5,0.54,8645,252857,0
31,73865,469,0,4,0.19,39508,105117,0
30,66686,504,11,5,0.67,58822,14779,0
46,95910,636,25,3,0.19,7018,16444,1
29,24675,771,11,2,0.34,51908,95654,1
56,86706,494,29,4,0.23,27374,180599,0
19,126985,574,1,4,0.68,6713,77623,0
49,129021,306,17,5,0.69,96608,172454,0
30,144062,477,9,1,0.33,88071,135978,0
63,147359,541,39,4,0.28,97856,227786,1
44,97986,502,20,5,0.63,94099,7696,0
66,96216,842,36,0,0.71,85498,17626,1
58,30068,761,31,1,0.52,2026,183359,1
34,74460,379,9,1,0.75,71009,58303,0
57,120766,822,30,2,0.34,71203,235681,1
48,66418,716,17,3,0.16,52106,92765,1
51,46206,683,20,2,0.18,94425,141830,1
41,148180,690,13,0,0.55,92676,69495,1
62,20287,425,39,5,0.36,83506,168323,1
52,42337,793,34,1,0.17,82477,257119,1
65,40666,346,40,1,0.27,95564,212791,1
23,136595,775,3,4,0.45,34452,111809,0
36,21161,763,8,3,0.14,88962,216688,1
47,134817,422,25,3,0.05,4268,207886,1
24,141025,773,5,4,0.74,81729,41797,0
27,120667,433,6,0,0.28,94602,139135,1
58,110071,322,31,3,0.22,1658,48147,1
49,118064,534,30,1,0.57,35064,88657,1
51,58751,358,26,0,0.69,35293,156676,1
45,102063,463,27,2,0.52,44042,31484,0
32,126511,515,9,2,0.24,8792,178402,0
47,109389,482,19,0,0.7,7604,64321,0
54,34758,389,27,1,0.43,48821,185199,1
46,85780,610,16,2,0.34,39557,105758,1
39,135614,556,21,5,0.5,8420,20828,0
21,23178,832,2,1,0.58,39521,9957,0
37,51831,832,17,4,0.5,62951,285815,0
49,22176,351,23,3,0.74,24018,127838,0
53,123306,637,31,0,0.52,64076,109596,1
67,53654,470,40,3,0.71,6108,131054,1
21,143220,366,0,4,0.49,93686,79232,0
44,46627,599,15,2,0.3,71783,246335,1
34,72550,531,16,5,0.45,74937,214420,0
29,132025,367,9,1,0.11,18007,282527,1
39,64910,805,17,1,0.22,10997,13892,1
34,110417,327,0,4,0.62,6261,294924,0
27,78251,350,2,0,0.55,70804,155461,0
18,55422,559,0,3,0.17,72520,124478,0
39,31984,483,13,5,0.38,21926,50081,0
43,109312,322,20,2,0.16,98398,263034,0
35,81386,428,1,0,0.69,98994,280239,0
67,103291,590,40,5,0.13,66546,31634,1
31,27135,800,7,5,0.54,18144,184311,0
64,20320,485,40,4,0.51,26903,52873,1
46,122958,778,14,4,0.4,2177,96084,0
29,114171,791,5,1,0.26,93482,180824,1
53,41684,812,28,2,0.35,61952,79569,1
52,75913,366,26,0,0.65,10168,127793,1
69,108774,766,37,1,0.62,3389,263406,1
29,41889,584,10,2,0.6,7364,249265,0
24,115849,716,0,3,0.61,28033,70820,0
46,118071,399,14,3,0.16,49545,240919,0
28,68899,488,1,1,0.12,12865,108874,1
50,144011,687,32,0,0.7,19936,92651,1
23,30770,540,0,2,0.68,78863,89355,0
64,59321,716,40,3,0.56,98788,45291,1
32,105962,475,1,3,0.5,4741,291619,0
49,129863,686,20,0,0.33,90537,58603,1
68,61777,770,37,1,0.22,4839,286494,1
28,66250,532,7,4,0.55,20139,233092,0
40,93034,751,10,5,0.73,47905,264934,0
43,124940,576,10,2,0.38,91934,218259,0
51,60130,528,18,3,0.28,53749,28519,1
63,101931,470,40,5,0.25,26036,258618,1
51,69346,512,28,5,0.07,46272,146852,1
46,22537,581,23,4,0.44,2740,256154,0
21,104762,340,0,5,0.79,85044,144733,0
34,35216,421,10,0,0.66,59788,33512,1
52,104149,526,19,1,0.72,32611,23403,1
30,23009,593,4,2,0.52,71827,47983,0
58,109904,566,28,0,0.41,32109,118351,1
56,49327,840,27,1,0.79,20481,256584,1
32,34209,750,14,0,0.39,6247,112915,1
46,68443,748,21,3,0.74,54621,292600,0
46,35029,360,25,3,0.62,22383,235214,0
28,87613,801,6,4,0.3,65535,13461,0
69,99443,446,35,0,0.43,26319,164017,1
49,76997,633,29,5,0.34,40334,75363,0
19,122171,441,1,3,0.15,24728,93907,0
64,134456,343,40,1,0.32,31442,83439,1
31,82559,443,5,4,0.72,87846,230144,0
37,84892,632,15,5,0.61,43521,127512,0
39,90409,796,15,2,0.26,65777,266157,1
28,28635,695,5,0,0.33,87988,186536,1
44,53065,354,10,3,0.51,13137,250655,0
20,131399,606,0,5,0.36,44636,89204,0
34,140544,722,4,1,0.43,15905,36869,1
61,127340,716,32,0,0.57,88309,128263,1
45,53783,624,24,1,0.4,31024,263132,1
46,54152,379,21,4,0.19,65966,119550,1
38,78741,330,16,3,0.44,18702,52369,0
64,127049,411,40,3,0.32,17505,210603,1
33,71502,771,3,4,0.27,70790,33911,0
54,49092,373,26,1,0.3,62071,128976,1
37,37653,778,12,0,0.38,9498,246310,1
23,117999,686,0,1,0.71,78710,247051,0
36,119564,732,18,0,0.6,59456,273665,0
22,60469,711,0,5,0.55,95958,44123,0
20,143064,766,0,4,0.4,30733,298658,0
18,106483,547,0,2,0.05,68432,42539,0
55,141585,419,21,0,0.31,58158,50226,1
32,79754,366,2,3,0.66,4911,76332,0
51,49978,626,25,5,0.34,50105,38576,0
52,107592,769,33,3,0.47,74876,8293,1
66,114543,792,32,5,0.2,83959,139531,1
42,63169,585,18,3,0.74,65322,285947,0
41,68287,611,21,1,0.74,37672,274715,0
29,74745,608,3,1,0.16,71412,30772,1
35,130168,396,8,1,0.59,67239,19171,0
32,133985,412,1,5,0.11,64804,118627,0
61,140843,755,29,5,0.5,62727,123212,0
33,25543,762,15,3,0.18,7440,80253,0
44,76392,431,21,0,0.16,98473,217019,1
25,41067,420,0,5,0.05,68560,179185,0
63,71033,496,40,3,0.76,16751,51927,0
42,65256,781,24,0,0.67,13730,174159,1
34,110633,338,14,1,0.11,65792,154323,1
46,128383,811,12,5,0.5,22380,135328,0
25,129048,773,0,2,0.22,29972,226795,0
32,89345,460,7,1,0.25,65385,280994,0
44,42191,588,10,4,0.71,38113,90236,0
63,106803,499,38,0,0.14,11149,88518,1
67,92742,827,33,2,0.5,56014,272093,1
69,138843,802,40,1,0.35,39402,297725,1
24,106593,547,0,5,0.19,83917,77108,0
20,48992,682,0,2,0.39,50557,162625,1
46,132050,517,18,3,0.76,98895,248106,0
61,101531,386,40,0,0.64,1243,54790,1
41,68803,381,10,4,0.15,3414,238542,0
20,129975,361,0,3,0.69,4856,211722,0
37,83477,799,14,2,0.75,72799,207492,0
63,33210,341,29,1,0.26,82335,290196,1
32,103329,311,13,0,0.3,59949,162646,1
42,46270,414,17,5,0.14,42392,87009,0
47,82008,517,26,4,0.31,13470,183976,0
31,25197,405,4,1,0.55,14772,10224,1
24,133857,827,0,4,0.25,28382,182390,1
34,27452,771,13,5,0.06,70662,14435,1
61,61486,686,28,0,0.3,85944,109395,1
37,34859,525,6,2,0.39,81399,241166,0
53,47236,780,20,4,0.47,14584,205109,1
26,51899,707,0,0,0.56,24391,259464,1
55,52083,756,34,4,0.1,86376,61398,1
65,87708,320,40,1,0.4,37965,41928,1
39,131462,502,21,4,0.25,92207,56382,1
19,36663,716,0,1,0.76,13097,200394,1
41,113076,715,23,1,0.32,19839,269427,1
25,138665,747,0,0,0.13,84310,44605,1
28,39053,811,8,3,0.08,38693,144787,0
30,31085,384,12,5,0.25,52988,198978,0
34,50564,466,16,4,0.18,50769,85275,1
25,109745,683,1,2,0.54,3469,158942,0
38,79095,767,8,1,0.69,13468,165543,1
35,89517,371,17,3,0.28,40025,147662,1
47,41153,820,14,1,0.48,4165,285789,1
35,25247,772,4,3,0.6,58603,292041,0
63,30553,557,40,3,0.35,77906,20437,1
64,40811,574,35,2,0.1,44251,212926,1
48,115381,319,19,3,0.22,48526,53198,1
55,26135,789,21,2,0.71,29942,287285,1
49,25573,789,17,0,0.67,46017,133680,1
28,138819,625,1,1,0.11,61555,259401,1
62,144588,828,40,2,0.22,33209,33094,1
42,99267,388,13,5,0.63,40365,174193,0
50,27189,785,32,1,0.41,2407,47137,1
55,100077,649,37,5,0.62,65081,259588,0
58,63646,383,31,4,0.21,26976,113385,1
25,96623,686,0,5,0.76,42969,283509,0
28,131971,386,9,0,0.64,39325,283115,0
39,73687,606,5,4,0.2,57741,134076,0
68,88312,453,40,4,0.47,16515,113363,0
41,127615,739,15,3,0.13,37174,36359,1
58,47564,563,30,5,0.32,78330,208247,0
34,48835,720,11,3,0.54,6700,166284,0
29,81587,792,0,5,0.3,74663,56567,0
63,27697,710,40,4,0.54,54379,220578,1
49,100165,472,25,3,0.23,28391,293284,1
32,93922,303,6,1,0.59,77276,247178,0
33,37046,771,5,5,0.32,68081,191504,0
39,77823,409,6,5,0.64,90227,213640,0
45,93580,336,26,3,0.15,58284,262263,1
37,73370,330,5,5,0.32,83054,148877,0
50,29615,680,30,4,0.4,63206,264532,0
27,133338,567,6,3,0.37,94590,9400,1
57,25060,310,33,3,0.37,79593,87100,1
49,96436,643,20,2,0.38,60485,71300,1
67,80519,843,40,2,0.79,72539,199746,1
50,140562,465,23,4,0.19,35032,81094,1
19,91117,641,0,1,0.63,19156,196195,0
50,81158,781,19,5,0.46,50316,132867,0
50,54782,318,30,0,0.36,49787,163019,1
58,105709,483,24,5,0.53,94099,150286,0
30,98533,844,2,0,0.69,42579,223030,1
47,128939,309,20,4,0.4,58574,133042,0
50,78255,491,23,1,0.7,73261,233629,1
30,131952,619,3,1,0.12,88218,146046,1
69,92684,774,40,1,0.54,94263,108985,1
43,76918,726,11,2,0.3,60235,64571,1
39,146093,358,5,4,0.34,53904,274141,0
56,104284,735,27,0,0.48,82721,210982,1
19,99558,396,0,1,0.41,37740,269597,0
55,105549,795,22,4,0.34,74130,267682,1
56,124223,577,24,5,0.28,50554,81151,0
43,101422,564,11,0,0.51,8199,35593,1
63,140363,308,40,2,0.43,40032,138375,1
67,146352,756,38,3,0.29,93886,191645,1
32,45256,572,13,0,0.2,82410,263740,1
51,50005,307,25,5,0.63,5480,63384,0
59,26638,507,38,0,0.65,31435,55543,1
61,57419,422,39,0,0.21,31120,89092,1
66,53377,332,40,3,0.25,73155,167540,1
57,126244,812,30,1,0.23,3607,235186,1
28,63116,503,4,5,0.71,75918,94268,0
20,56634,817,0,3,0.63,75116,28940,0
23,102291,816,1,0,0.11,86324,41481,1
26,43382,742,0,5,0.67,23026,150283,0
23,135303,638,0,2,0.08,18173,53866,1
26,76063,737,4,0,0.24,89816,80714,1
56,42394,744,36,2,0.74,35262,219483,1
48,87789,435,21,4,0.7,52903,258061,0
49,123246,686,27,2,0.64,48156,299585,0
58,130634,324,26,0,0.39,73246,230454,1
67,20864,805,40,3,0.29,78764,289988,1
29,119572,624,10,0,0.71,63301,57200,1
25,60222,637,0,0,0.54,92591,124607,1
25,33666,394,0,4,0.27,65314,167661,0
67,143664,844,40,1,0.4,97688,50986,1
45,40955,445,27,0,0.71,21449,188158,1
37,130674,530,5,4,0.73,94242,76646,0
64,123533,794,35,3,0.54,31466,99476,0
24,101845,337,6,4,0.6,89121,77149,0
28,136925,724,4,4,0.08,25279,143303,0
37,89590,736,19,2,0.5,12837,147286,1
33,147775,667,9,1,0.57,25209,102743,1
21,86471,644,2,1,0.07,13220,254774,0
23,130476,459,0,5,0.68,4965,238463,0
39,108314,849,9,3,0.75,43276,250317,0
43,142579,840,21,5,0.23,28230,121810,0
20,63298,443,2,4,0.68,90165,143681,0
58,83108,644,40,3,0.55,42920,276881,0
59,133864,568,40,3,0.49,66165,272750,1
31,68924,567,9,1,0.68,62544,55775,0
28,36709,468,2,1,0.26,94406,180758,0
35,29726,332,6,1,0.64,83909,126914,0
29,80824,676,3,0,0.29,95691,184653,1
40,60542,513,12,4,0.64,24036,115397,0
29,40245,739,11,3,0.39,66322,137167,0
30,54753,791,3,4,0.14,5847,221819,0
42,99788,692,23,3,0.34,87250,222277,0
62,41316,788,38,3,0.23,51772,27065,1
68,122907,328,40,5,0.13,13893,217789,0
36,104698,338,13,3,0.13,5649,272826,0
63,35960,472,36,3,0.64,31571,129656,1
53,50791,316,27,2,0.71,12613,108508,1
62,127766,355,37,2,0.75,54833,130300,1
25,45216,525,0,5,0.69,63423,21468,0
46,52467,366,20,0,0.67,90964,77620,1
49,84427,496,23,1,0.1,42382,48848,1
68,132470,322,40,3,0.64,53348,155235,1
61,82047,536,29,4,0.64,89069,82564,0
35,93290,437,16,2,0.15,54705,71544,1
23,67014,772,5,1,0.55,76642,56516,1
35,24078,528,9,0,0.39,98849,20523,1
36,98389,616,10,1,0.73,86930,126456,1
39,70519,500,9,3,0.57,78813,269343,0
54,24042,557,29,1,0.76,56817,251669,1
49,69052,779,27,3,0.13,81984,220905,1
58,34389,477,38,5,0.08,79669,75231,1
20,115961,422,0,2,0.78,45142,6006,0
45,88111,641,11,2,0.11,71182,274258,0
27,125058,470,0,3,0.34,14708,231403,0
68,113715,358,35,4,0.54,7090,241928,0
52,70733,764,32,2,0.71,53902,263350,1
46,54754,559,23,4,0.24,93170,264074,1
32,38624,672,14,3,0.07,92757,82977,1
50,105886,394,17,5,0.44,81928,166261,0
24,46681,424,0,3,0.4,44752,5181,0
29,109524,340,5,5,0.28,20643,148884,0
66,101006,553,40,2,0.71,40647,27716,1
47,44704,306,20,4,0.61,66082,255706,0
38,124272,770,6,3,0.69,81329,45218,0
48,114913,810,25,2,0.17,98330,31633,1
41,114108,368,22,5,0.57,73974,278083,0
37,143731,380,3,3,0.78,85431,277216,0
54,27493,841,36,5,0.51,19474,210454,0
21,89639,561,3,1,0.18,38402,253048,1
45,120380,388,24,5,0.8,83487,162847,0
61,74383,507,28,1,0.45,17504,89751,1
37,22994,512,12,2,0.68,7768,261463,0
41,89280,565,23,3,0.16,75043,188472,1
67,67234,592,39,2,0.55,96346,298763,1
66,67291,506,32,0,0.73,1620,134729,1
68,148674,632,40,5,0.45,21447,112696,0
49,112868,376,20,2,0.27,99757,165624,1
58,25594,587,32,2,0.15,20118,67017,1
53,125835,346,29,1,0.27,63051,206020,1
51,27371,499,22,5,0.32,47599,51075,0
53,67315,726,21,1,0.58,67494,140722,0
19,103564,509,0,3,0.18,11200,212452,0
32,147251,719,0,2,0.13,95854,42343,0
51,121448,453,29,5,0.34,59704,261980,0
53,99526,821,22,2,0.39,54487,232101,1
23,132387,714,4,3,0.52,47465,262086,0
56,36626,652,23,4,0.58,30840,159903,0
59,106005,456,25,3,0.72,89440,172949,0
68,126258,560,40,1,0.27,19435,50197,1
68,125573,376,40,1,0.45,48897,197107,1
29,27130,787,8,2,0.32,98607,193193,0
20,26828,430,0,1,0.05,64876,251349,1
62,77514,754,35,5,0.48,90727,268926,0
35,127148,462,13,3,0.66,50412,9412,0
57,132524,314,29,2,0.08,73282,118043,1
38,124635,531,14,3,0.05,29484,101169,0
32,72664,494,10,3,0.6,39658,216206,0
50,131701,841,21,2,0.56,7053,146688,1
52,37883,658,20,4,0.35,83055,42448,0
43,63059,630,14,1,0.55,56251,128678,1
25,104078,726,4,0,0.77,41645,279245,0
53,62932,796,24,0,0.24,3545,80822,1
65,149900,785,31,0,0.23,80983,188353,1
47,81269,748,14,1,0.19,96495,55465,1
40,139850,712,12,4,0.59,78213,278214,0
59,95986,629,40,3,0.31,9560,128927,1
61,105959,446,28,2,0.79,63375,63431,0
31,22035,558,13,4,0.59,4662,26742,0
31,129767,591,0,0,0.33,79591,200883,0
19,60745,442,0,5,0.16,40497,246216,0
54,37241,664,32,1,0.49,53606,269877,1
22,72975,389,0,1,0.27,63112,205675,0
55,43154,463,37,2,0.73,79334,89277,1
62,45625,780,35,5,0.38,71344,148082,1
58,64950,383,36,3,0.27,9048,172078,1
64,118602,376,40,4,0.49,79643,211572,0
31,76396,816,3,5,0.15,7520,263054,0
56,119227,784,32,4,0.47,17928,291517,1
42,138920,403,15,4,0.09,56368,143282,0
37,33331,751,5,3,0.51,24501,262176,0
19,83927,786,0,3,0.45,54751,20060,1
56,106226,638,23,3,0.44,37191,50256,1
23,104719,777,0,2,0.56,30476,249378,0
34,83014,522,2,1,0.08,27948,201315,0
42,59346,308,13,0,0.39,5483,164553,0
45,90411,352,20,3,0.38,57123,91648,0
19,74478,376,0,1,0.39,40887,270554,0
52,32254,802,29,3,0.78,84017,96316,1
54,75734,615,32,0,0.15,77254,115100,1
22,48621,464,3,5,0.57,81909,99123,0
18,136490,578,0,3,0.35,89780,42344,0
57,96441,326,36,1,0.43,62055,156981,1
29,66121,369,0,2,0.62,94165,143970,0
53,147386,517,19,5,0.17,32257,186574,0
62,101418,664,29,5,0.62,19327,177976,0
40,80197,605,14,5,0.1,72304,136020,0
64,104577,423,40,0,0.41,25866,162471,1
48,114634,318,16,1,0.61,45649,253385,1
28,138034,556,0,4,0.19,10166,295618,0
27,62431,595,5,4,0.63,97279,58459,0
20,137637,321,1,4,0.18,83334,117298,0
31,119245,749,10,2,0.65,10042,286453,0
33,120211,849,1,3,0.4,12969,178027,1
27,24837,347,4,3,0.56,52880,168082,0
46,131984,482,17,3,0.74,73739,289534,0
27,110025,734,6,2,0.36,64588,247329,0
29,103163,406,11,4,0.22,5641,275685,0
47,91232,487,15,5,0.7,29536,153993,0
58,68994,385,27,3,0.17,80910,48937,1
18,99079,755,0,5,0.52,15546,187952,0
22,32615,436,0,5,0.74,15102,84030,0
37,21466,635,15,2,0.56,99895,179268,1
25,50771,768,5,2,0.2,10029,135174,1
60,138645,702,36,1,0.16,48545,198831,1
29,103886,839,6,3,0.24,12322,212894,0
18,85911,371,0,4,0.34,13654,142113,0
37,118566,323,13,0,0.17,57663,90521,1
45,40746,784,24,2,0.65,76501,132521,1
60,108422,355,31,5,0.32,60687,67933,0
54,129884,522,28,1,0.75,8508,38691,1
64,80739,478,40,0,0.68,48859,266567,1
54,128440,733,36,2,0.73,23132,98374,1
29,118187,749,3,1,0.27,66800,8303,0
54,93369,791,22,5,0.48,17025,243615,0
66,21893,488,40,3,0.29,78024,277034,1
66,50573,719,34,1,0.24,66924,162878,1
61,116907,548,29,2,0.51,68607,78136,1
45,60874,463,21,3,0.66,25970,32230,1
64,97362,554,31,5,0.12,48736,242498,1
32,119956,775,13,4,0.26,80990,283610,0
23,107460,716,2,1,0.2,8840,152548,1
61,147021,469,28,0,0.65,30654,294876,0
37,138580,616,17,5,0.75,78385,265668,0
67,53367,473,40,3,0.11,53408,143447,1
31,41199,769,11,5,0.33,86939,12837,0
19,136600,644,0,3,0.74,76967,290252,0
26,111404,744,7,5,0.31,23442,284995,0
54,94328,317,35,4,0.58,66243,293744,0
37,77724,369,18,1,0.13,7630,263821,1
43,106133,637,12,0,0.38,48736,282332,1
46,56405,826,14,4,0.43,14008,49777,0
18,118232,755,0,1,0.62,48487,210591,0
52,128659,568,24,0,0.27,69395,264918,1
23,35989,487,0,5,0.25,3393,267374,0
54,48931,828,30,0,0.28,95680,162422,1
22,29290,733,0,2,0.47,56971,212890,0
50,58367,587,17,0,0.71,80627,257593,1
66,141136,798,40,1,0.67,88991,156426,1
68,99878,740,40,4,0.09,69657,230410,1
31,110477,602,0,4,0.71,75652,255598,0
29,99481,386,0,2,0.12,71507,185607,1
59,96298,737,31,1,0.36,30644,16355,1
37,146299,840,14,0,0.62,90615,244977,1
67,50133,321,37,2,0.11,94863,153216,1
41,132616,816,14,5,0.08,37122,75779,0
60,125686,802,38,3,0.3,4397,55094,1
51,47052,766,27,5,0.6,55569,122383,0
42,127286,400,14,1,0.44,78948,277738,0
67,105489,440,36,2,0.36,53133,220139,1
46,60475,437,13,4,0.66,49519,126562,0
56,102666,527,35,2,0.63,72057,227823,0
48,116622,580,30,3,0.64,30151,238772,0
64,77656,730,32,1,0.39,4472,153064,1
60,24633,339,29,2,0.06,52769,232131,1
67,37304,818,40,5,0.18,6481,104185,1
40,127573,510,19,0,0.61,39977,130039,0
61,117820,601,31,5,0.61,20883,94236,0
55,66546,385,26,1,0.78,89915,48388,1
37,27008,696,5,2,0.19,25265,294721,0
40,68291,552,14,5,0.14,53744,149566,0
62,47405,832,40,2,0.15,24656,91811,1
69,137069,680,40,5,0.19,10304,44248,0
33,56386,743,7,1,0.45,87616,94425,1
67,110909,332,37,4,0.78,46911,170834,0
59,40827,559,32,5,0.49,44013,209376,0
25,53040,533,0,0,0.44,78981,137083,0
67,80354,814,37,5,0.56,41314,224895,1
38,98543,607,17,1,0.11,23857,233760,1
18,38157,369,0,5,0.66,29894,260194,0
25,117693,753,0,0,0.54,39570,106751,1
46,55315,738,16,0,0.18,67080,291425,1
49,55932,663,17,1,0.52,40420,101574,0
55,41164,780,25,2,0.5,82588,146308,1
22,34414,443,0,5,0.1,57210,160531,0
64,147597,323,40,4,0.25,28734,69589,1
39,34327,724,17,0,0.34,37219,161872,1
64,133880,474,34,0,0.23,67972,35271,1
51,20946,624,29,5,0.23,56813,140250,0
18,34693,647,0,2,0.48,12007,102984,0
43,47241,317,18,5,0.4,29341,149348,0
60,135194,343,34,1,0.55,97550,150900,1
27,115790,454,0,4,0.77,50411,11149,0
47,35540,676,20,5,0.55,74087,73895,0
67,92255,701,39,0,0.49,79649,82670,1
35,84757,524,13,0,0.69,49431,245864,0
34,61203,516,8,1,0.52,5841,231233,1
43,45081,330,15,2,0.17,41729,172854,0
25,81861,358,6,5,0.29,83638,136971,0
64,31350,652,40,3,0.6,85647,101628,0
57,75512,744,39,2,0.6,77629,103956,1
66,76809,534,40,0,0.79,74082,127684,1
29,121894,406,9,5,0.52,58804,137054,0
44,117557,490,13,0,0.72,98335,103879,1
25,62832,829,3,4,0.09,53006,79060,1
42,48369,544,8,2,0.47,22584,74843,0
63,51728,375,31,3,0.74,61591,208361,0
21,37576,846,0,4,0.27,20361,179245,0
50,49001,566,19,3,0.17,81020,287897,1
18,147625,616,0,4,0.31,48871,118684,0
36,103384,420,2,2,0.64,15101,32238,0
48,20390,324,23,0,0.11,43774,89243,1
33,107535,731,8,3,0.5,43701,51086,0
31,65436,459,5,2,0.15,14261,32639,1
65,31569,413,37,3,0.38,14209,202761,1
22,33029,801,0,2,0.77,29647,123058,0
58,42490,465,28,4,0.2,9221,193512,1
43,65875,474,21,2,0.08,48833,218268,1
45,143552,300,12,4,0.37,86413,261799,0
19,120864,385,0,0,0.48,26557,58350,1
67,25867,619,40,4,0.27,99534,81779,0
23,100820,700,1,1,0.46,8526,57848,1
26,119515,681,1,0,0.77,2251,116546,0
50,29121,617,19,5,0.28,33588,113903,0
58,21539,549,38,5,0.28,55492,90122,0
42,111024,824,12,2,0.41,7889,187310,1
65,37027,555,37,2,0.44,95302,283834,1
30,147402,606,5,1,0.05,30146,120571,1
26,94229,443,0,2,0.51,53318,273333,0
30,28921,690,6,0,0.8,74588,106945,1
48,70435,468,15,0,0.27,99084,85110,1
58,142368,597,35,4,0.52,38638,159165,0
28,30310,532,0,3,0.05,2147,100400,1
21,83965,570,0,2,0.5,3847,272311,0
51,142033,359,33,1,0.39,86770,286669,1
55,131048,595,35,5,0.45,61335,125819,0
63,116444,766,40,0,0.46,85990,87074,1
21,89922,534,0,0,0.18,34388,144724,0
55,117799,533,34,0,0.63,65347,95902,1
36,113948,667,15,3,0.47,40983,116817,0
23,102839,531,0,3,0.25,44820,232644,0
51,32242,790,25,2,0.75,27076,240970,1
35,137027,802,10,5,0.06,31752,188933,0
30,132561,680,0,1,0.59,61533,203475,0
58,28947,727,24,3,0.34,17003,162336,1
40,132250,663,22,4,0.44,73954,136648,0
36,91466,501,5,3,0.27,18710,77799,0
62,123706,445,34,0,0.29,66657,248607,1
28,140351,756,8,1,0.06,38081,8764,1
18,144749,434,0,2,0.6,51228,161009,0
41,81816,563,14,3,0.58,94309,230408,0
24,68785,363,0,0,0.54,84102,123217,1
42,139963,790,17,4,0.71,21655,173747,0
38,20507,340,20,4,0.73,9483,267122,0
32,86972,595,8,2,0.47,99224,206576,0
18,47151,302,0,2,0.56,41094,95461,0
29,31618,409,0,3,0.06,42450,19202,0
24,94286,520,0,2,0.68,26209,74619,0
32,36122,669,12,5,0.66,47316,152564,0
38,27354,667,17,5,0.07,19556,192975,0
36,129598,735,9,0,0.46,28962,240185,1
46,50979,303,25,0,0.73,16638,31617,1
42,106436,543,16,0,0.19,39754,265420,1
50,99376,465,32,5,0.31,87619,251130,0
66,72774,325,40,3,0.3,73617,119785,1
49,122703,694,23,3,0.32,55376,45924,1
66,25037,773,40,2,0.08,14353,31071,1
52,48633,316,29,3,0.26,86388,23839,1
61,44495,391,36,0,0.27,72296,217878,1
55,84550,782,28,1,0.7,14771,108115,1
43,101384,842,15,0,0.31,67026,122379,1
28,56483,504,0,5,0.39,5263,245313,0
52,133181,801,31,1,0.34,8769,163396,1
25,93373,699,0,2,0.14,26334,293232,0
63,54069,506,34,4,0.79,84117,73459,0
31,27370,445,9,3,0.67,33749,108305,0
27,139873,400,0,3,0.46,12635,218800,0
19,136843,540,0,5,0.41,66110,110780,0
63,91947,462,37,0,0.54,2904,67406,1
26,59133,472,0,0,0.29,71805,101888,1
20,116035,801,0,1,0.09,31968,43703,1
38,115761,846,11,3,0.35,2650,70422,1
43,133753,583,24,5,0.79,13467,25614,0
25,20692,658,4,2,0.19,99331,153138,0
65,48926,680,40,0,0.45,47900,180363,1
19,119782,832,0,3,0.06,89180,44293,1
23,124700,462,0,4,0.14,36518,91586,0
45,93984,606,15,5,0.49,93816,217076,0
46,63390,638,16,1,0.27,69415,126896,1
43,69593,354,18,0,0.73,5357,260420,1
42,95609,632,13,0,0.35,94837,155301,1
29,120950,426,11,2,0.21,11865,73474,1
22,25209,542,2,0,0.46,69368,119461,1
51,146700,708,22,5,0.65,95404,67742,0
65,26533,802,35,3,0.06,62039,105731,1
54,106597,602,27,3,0.43,97939,95276,1
32,27211,763,0,3,0.63,72294,84686,0
61,29927,534,40,4,0.13,3921,145773,0
53,97463,337,33,4,0.73,5428,258916,0
32,137333,438,1,0,0.25,74647,185193,1
60,44594,494,36,4,0.18,89783,290435,1
65,94852,826,40,4,0.49,53557,291260,0
40,97713,300,12,2,0.18,96983,273030,1
23,96382,395,0,4,0.56,13366,18672,0
63,27933,712,35,1,0.42,47923,19508,1
67,123780,837,33,1,0.13,31564,114306,1
61,132157,728,34,1,0.73,76511,211000,1
60,60696,534,26,0,0.55,3642,174008,1
62,85449,648,40,3,0.46,14849,270425,1
38,87616,780,15,2,0.33,20344,248447,1
40,26089,695,18,0,0.15,22214,133686,1
60,76548,650,39,3,0.58,39226,100386,1
33,46123,715,14,2,0.66,92691,238099,1
64,27797,350,35,2,0.14,23522,258200,1
32,70013,380,12,2,0.42,7680,164540,0
42,28346,335,19,1,0.41,13507,96465,1
53,105414,366,22,1,0.31,75955,242921,1
28,53672,780,3,1,0.64,50007,152736,0
68,37653,767,37,2,0.12,50353,280777,1
32,69556,441,12,5,0.2,89095,9932,0
21,143723,655,0,2,0.05,69696,21205,1
38,128278,770,6,1,0.33,45233,56111,1
30,46140,738,6,2,0.27,51865,54541,0
39,21184,830,7,1,0.7,8872,75719,0
36,143626,426,6,1,0.61,8839,90787,0
51,54493,504,28,1,0.11,16652,156816,1
31,64148,328,0,5,0.61,7859,69737,0
21,44846,744,0,3,0.56,34520,148533,0
65,131361,763,40,2,0.26,79840,191496,1
69,42195,579,38,0,0.06,50266,250946,1
63,25606,450,31,1,0.14,70516,288710,1
44,23956,539,15,5,0.24,40093,98052,0
46,36555,565,19,0,0.66,52970,63641,1
64,110385,404,40,3,0.4,50620,117849,1
45,38690,732,19,2,0.74,1425,51064,1
52,78502,796,33,5,0.64,74677,206235,0
25,144586,739,4,1,0.27,51727,147263,1
33,68849,457,7,1,0.68,76593,187837,0
59,46347,471,27,1,0.14,50985,199277,1
53,118725,793,23,5,0.08,98339,143030,1
47,123844,610,22,0,0.51,48084,138344,1
35,111321,702,2,3,0.31,70642,92958,0
19,69056,762,0,2,0.3,86623,8018,1
66,83851,666,39,3,0.57,2408,203823,0
30,118234,849,5,1,0.69,86401,236533,1
21,101502,554,3,3,0.29,56337,155700,0
43,116633,507,16,0,0.29,40612,193270,1
42,101418,749,22,4,0.45,40163,267440,0
47,90211,394,19,4,0.54,16843,236303,0
28,61850,777,8,2,0.2,50364,281722,1
24,98545,489,0,2,0.73,29477,253016,0
48,47843,783,17,3,0.54,98993,288729,0
61,82320,835,38,2,0.52,62082,39225,1
27,49793,722,0,5,0.73,28330,139618,0
56,59516,432,25,0,0.73,95747,51622,1
30,124407,354,6,1,0.15,38569,110665,1
48,149045,809,21,1,0.16,99203,139736,1
24,37857,840,0,3,0.62,49114,167171,0
66,39627,709,39,1,0.77,68294,87015,1
59,81822,510,25,3,0.55,65106,126600,0
59,104101,592,25,2,0.36,39548,11140,1
53,111561,414,24,2,0.56,63598,289285,1
37,72248,558,5,5,0.22,95705,263973,0
21,75798,421,0,5,0.8,12260,288772,0
24,113368,598,0,0,0.37,33350,68747,0
18,64116,680,0,1,0.75,42741,88525,0
61,95318,800,40,5,0.37,99214,70198,1
62,124186,596,33,0,0.75,46181,144009,1
59,147119,661,26,4,0.3,84446,192076,0
64,107902,762,38,5,0.62,1840,231311,0
30,48557,737,10,0,0.76,63422,218213,1
39,91334,426,19,3,0.53,18725,11493,0
38,95163,496,4,3,0.56,13299,233943,0
39,126719,520,12,0,0.13,51652,30957,1
45,143099,390,26,2,0.41,96525,104057,0
26,98002,710,0,4,0.72,91041,279645,0
43,62614,307,23,0,0.23,72095,137260,1
26,32720,843,7,5,0.64,33597,257868,0
32,77608,767,6,2,0.56,9707,245053,0
27,127449,619,8,0,0.22,49943,71332,1
41,122828,693,22,1,0.26,64803,248724,1
59,146613,568,27,5,0.37,94555,75681,0
25,92095,490,5,5,0.14,89377,191901,0
41,125924,360,19,3,0.74,86176,107475,0
33,104694,737,5,1,0.6,99162,209783,1
66,116452,563,40,1,0.32,76276,72050,1
43,107593,394,20,5,0.27,4155,20451,0
44,55892,769,13,4,0.57,24572,53393,0
54,126975,813,36,2,0.37,60694,129463,1
21,97242,493,0,3,0.22,67514,81969,0
67,136041,781,33,1,0.37,77033,6369,1
41,146202,635,10,3,0.7,45843,281212,0
36,97606,734,9,5,0.1,85967,129131,0
53,143769,495,28,2,0.33,36357,275260,1
56,138542,548,31,0,0.77,24167,179759,0
27,126438,797,0,1,0.06,72478,259083,1
42,20924,511,18,2,0.72,19983,201698,1
35,71322,765,12,3,0.33,36276,82622,0
36,46478,520,15,5,0.19,46279,81925,0
53,91042,572,35,2,0.06,60483,152927,1
27,66418,453,0,0,0.1,84113,234973,1
50,82217,548,18,2,0.18,72451,63251,1
67,120699,578,40,5,0.07,92869,196330,0
22,110140,739,2,3,0.3,3045,88274,0
64,100846,575,40,1,0.08,90716,20360,1
66,93762,813,40,1,0.57,43344,135167,1
52,31781,387,31,4,0.66,10564,229834,0
61,25515,804,27,3,0.72,12105,284600,0
51,137358,540,20,4,0.46,57754,218465,0
50,56133,535,25,4,0.76,21056,239359,0
38,102508,427,19,5,0.05,64565,219302,0
34,117628,802,9,5,0.15,48689,44959,0
39,96946,499,21,5,0.27,33135,282202,0
65,105058,842,40,0,0.64,33812,187564,1
54,29095,801,32,3,0.71,71047,57672,0
32,108583,791,10,1,0.51,23772,251846,0
52,40470,320,23,3,0.34,81957,61849,0
45,63129,533,27,5,0.55,93652,217380,0
24,28531,715,0,0,0.19,8775,224724,1
49,57038,447,15,3,0.39,93482,103563,0
28,107939,328,9,3,0.43,55523,245523,0
27,62674,660,0,4,0.13,11707,99391,0
26,147572,607,2,3,0.08,14372,114615,0
31,114658,461,0,4,0.61,96350,207521,0
30,102476,360,10,4,0.45,62526,78509,0
42,49831,424,19,2,0.3,66106,153047,1
19,77174,755,0,5,0.38,89143,125555,0
52,31279,370,25,0,0.77,54475,47392,1
24,58220,765,2,4,0.34,58201,18305,0
38,80610,542,6,3,0.13,28957,81215,0
35,72719,789,14,4,0.4,96814,267372,0
20,144936,520,2,4,0.54,57243,112864,0
59,73051,772,27,4,0.06,74752,88544,1
56,92013,832,22,1,0.3,76542,159546,1
58,76652,793,27,1,0.35,34993,8979,1
66,85524,381,40,1,0.4,35016,51343,1
28,102936,821,5,1,0.28,26354,5739,1
56,26470,311,26,2,0.55,49637,228254,0
41,87598,562,7,4,0.76,85762,168344,0
63,61798,748,40,2,0.74,84502,42339,1
36,144517,491,14,3,0.55,5848,118591,0
21,73473,413,0,5,0.43,43673,215868,0
43,39880,325,25,0,0.67,12783,142666,1
55,120117,798,25,2,0.68,65694,18185,1
59,64439,807,40,1,0.67,62865,148644,1
49,140944,844,19,1,0.17,54907,110784,1
56,34308,361,28,3,0.07,51669,153591,0
62,111563,528,38,4,0.79,11924,36953,1
63,116256,334,40,0,0.77,71178,24804,1
53,55081,755,35,2,0.47,71732,81286,1
57,95242,801,32,4,0.79,77691,22275,1
54,70383,324,20,4,0.63,78591,209490,0
50,29837,331,20,5,0.44,21152,247462,0
53,124135,311,22,5,0.34,9072,67068,0
20,72151,618,0,2,0.49,82501,127750,0
26,138128,300,3,2,0.44,45687,299745,0
25,56824,734,2,2,0.8,98526,57705,0
50,53073,435,25,2,0.42,22942,168441,1
23,132651,495,0,1,0.68,48417,49617,1
58,117624,432,37,4,0.66,93379,133240,0
56,113648,385,22,4,0.1,62259,282461,0
21,46299,775,0,1,0.12,6490,248154,0
30,119993,623,10,4,0.54,22719,46239,0
66,78861,479,40,2,0.24,50200,285226,1
19,50063,815,0,0,0.54,39684,7884,1
22,89453,474,0,5,0.16,19894,229469,0
61,141768,320,29,5,0.35,31837,172419,0
44,143299,404,10,4,0.13,53812,208803,0
49,88472,742,26,0,0.26,68282,154812,1
38,122166,348,11,5,0.12,91607,119297,0
25,34506,827,0,0,0.78,74706,17815,0
55,114341,444,21,1,0.35,99937,178963,1
25,99854,639,0,3,0.73,57132,165985,0
67,133604,653,38,4,0.78,79425,59860,1
20,46026,374,0,1,0.73,61161,135134,0
61,47672,618,29,1,0.39,20104,285606,1
20,58417,386,0,0,0.63,16140,148854,0
39,72413,341,8,4,0.17,94272,273758,0
23,144044,392,0,1,0.12,9152,71269,1
19,85066,806,0,2,0.71,49486,281088,0
40,79213,828,11,1,0.07,86277,6806,1
61,70971,564,31,2,0.78,39147,81993,0
19,47281,591,0,3,0.55,88890,203361,0
55,133978,763,26,2,0.36,9666,45126,1
34,48091,396,14,2,0.16,94939,38792,1
52,70494,394,32,0,0.59,35726,112978,1
51,123864,625,20,1,0.47,49689,41322,1
40,133755,373,13,3,0.58,47116,211579,0
47,38610,635,13,1,0.36,72420,147980,0
69,21079,367,37,2,0.1,78848,69627,1
25,115386,376,0,5,0.29,86534,256976,0
39,66751,507,18,2,0.29,4820,199715,0
61,106126,520,29,1,0.06,5322,97228,1
53,75432,561,20,3,0.06,39235,75102,1
22,50951,709,0,5,0.3,60961,101555,0
30,100863,630,0,3,0.6,51356,84558,0
46,98291,643,28,0,0.52,25923,179792,1
48,145659,373,24,2,0.23,89478,294174,1
64,79872,553,35,2,0.5,34750,44850,1
33,27235,631,0,0,0.54,98869,246322,1
59,102733,697,40,1,0.44,89448,129825,1
47,82712,644,15,2,0.44,22983,156688,1
33,41473,754,9,1,0.33,88610,201406,1
29,87567,414,0,3,0.14,6905,142733,0
34,126818,612,14,5,0.34,56483,193101,0
33,145849,527,5,5,0.31,26028,162119,0
29,127399,544,6,5,0.49,70609,182514,0
25,144421,825,2,4,0.69,53046,293087,0
37,99823,827,5,0,0.33,3234,39487,1
20,124215,726,0,5,0.58,81809,79769,0
33,129999,341,5,2,0.66,74167,74023,0
47,52230,764,13,0,0.21,56011,263975,1
62,104573,577,37,3,0.73,13061,16416,0
40,112588,318,15,3,0.1,50253,290003,0
45,88876,365,17,3,0.73,90354,92789,0
68,60644,466,40,3,0.17,45667,109766,1
57,68664,702,26,4,0.3,90240,23184,0
22,65203,708,0,1,0.5,59796,294990,0
37,86677,411,19,1,0.73,95898,231829,1
57,45425,573,39,5,0.24,65065,91995,1
61,143246,706,32,4,0.62,77386,262033,1
18,104817,672,0,1,0.58,31638,74798,0
47,127585,338,29,3,0.17,83455,189052,0
38,105961,404,9,1,0.41,24884,170957,1
37,120342,623,3,0,0.41,98016,114159,1
23,145740,713,0,5,0.28,31697,34924,0
39,117649,728,20,1,0.63,84620,191171,1
35,89806,360,2,0,0.74,96837,68113,1
25,62814,606,4,2,0.59,8114,267462,0
56,90219,653,31,0,0.78,31550,213769,1
49,69646,692,30,0,0.09,8469,82859,1
50,59884,503,19,3,0.08,48771,103558,1
33,115345,557,1,3,0.72,7492,145600,0
29,146062,785,3,5,0.72,2971,26441,0
55,120088,816,36,3,0.13,47350,144598,1
69,138198,745,35,0,0.32,10644,245659,1
51,89322,479,24,4,0.68,92705,6044,0
31,41650,641,5,3,0.15,65194,184959,1
53,114242,432,34,3,0.25,83632,5961,1
50,29190,742,16,0,0.56,13534,188038,1
40,58196,552,12,2,0.79,13768,284117,0
67,59449,564,33,2,0.65,23625,219980,1
62,59661,392,35,1,0.63,29660,106293,1
19,49709,710,0,5,0.31,90680,23344,0
58,130965,437,25,2,0.55,76176,181226,0
38,100428,507,20,3,0.13,21032,237450,1
19,95179,606,0,4,0.79,65935,75565,0
44,29943,565,12,1,0.41,38892,21272,1
26,63240,617,0,5,0.53,93125,184685,0
18,65760,412,0,4,0.71,75186,280248,0
28,41042,677,0,4,0.05,69379,239071,0
20,141770,753,0,3,0.78,25357,71455,0
69,63894,490,37,0,0.32,83512,236207,1
40,26869,739,13,0,0.3,1497,145435,1
43,81078,486,17,0,0.16,3134,61738,1
21,76759,666,0,2,0.69,19833,84791,0
35,125973,388,11,0,0.7,71948,6440,0
23,64306,486,1,5,0.06,33666,203327,0
52,128369,431,25,3,0.09,57600,180285,1
39,75371,675,14,2,0.74,70828,267699,0
60,40918,398,27,5,0.14,93923,112729,0
32,48379,333,3,0,0.52,98362,82648,0
39,140667,470,13,5,0.51,1026,131919,0
54,128475,665,27,4,0.7,13108,268679,0
69,110810,358,36,3,0.48,15470,151003,1
59,103232,480,32,3,0.38,30785,124773,1
29,22962,318,3,5,0.78,3253,49262,0
64,33851,525,40,1,0.22,65538,258902,1
66,137626,772,38,3,0.25,65889,29587,1
59,65747,394,36,4,0.11,21026,169112,1
55,145180,596,32,3,0.78,53807,75680,0
35,72349,474,3,1,0.58,63878,193334,0
62,90832,521,30,3,0.06,45258,118624,0
52,76356,353,22,3,0.58,95810,298947,0
47,34745,702,25,1,0.35,47147,152226,1
41,25730,617,10,3,0.78,46417,122930,0
59,33921,648,40,5,0.26,2086,239059,0
47,118430,742,18,2,0.58,25406,216731,0
31,91138,839,0,5,0.52,87987,28998,0
23,103111,581,0,3,0.06,76443,10786,1
20,39023,659,0,0,0.71,73659,64059,0
33,65349,307,2,0,0.15,92838,231897,1
24,146796,790,2,2,0.55,8084,206737,1
69,101533,640,40,3,0.63,86383,99450,1
31,103286,771,4,4,0.52,54493,204453,0
26,61979,548,1,3,0.12,23805,78984,0
32,42837,534,9,0,0.78,62786,191362,0
38,34997,382,6,1,0.23,15248,251069,0
52,124975,392,23,2,0.52,71003,32139,0
19,108603,693,0,1,0.65,26384,223326,0
44,65039,567,15,4,0.75,3896,295137,0
19,147394,716,0,3,0.5,11362,148995,0
52,40923,828,23,4,0.24,86048,24481,1
35,28876,552,9,1,0.68,87175,16422,1
31,80973,421,12,3,0.17,57032,232079,1
37,22887,309,7,5,0.07,62022,60296,0
35,83723,615,5,5,0.73,84254,263126,0
27,62422,572,2,4,0.48,91629,295019,0
42,122390,605,12,5,0.1,89998,22734,0
19,71413,509,0,5,0.48,84208,56700,0
42,122484,763,19,0,0.16,9937,18786,1
50,22841,715,27,5,0.07,48391,129258,1
53,144647,515,24,0,0.14,95079,59395,1
48,48756,379,19,2,0.63,88567,230242,0
31,91576,779,0,0,0.62,39696,120665,1
18,138248,846,0,0,0.5,54954,92773,1
63,30304,317,31,1,0.21,83617,107076,1
33,50341,464,0,0,0.6,12226,196994,1
63,24758,824,36,0,0.36,17858,40301,1
69,37010,501,40,1,0.43,96868,243045,1
20,147039,645,0,0,0.72,57848,197070,0
52,80758,665,20,5,0.39,40300,121582,0
58,51658,747,25,0,0.52,42470,64724,1
23,69002,812,0,2,0.77,26113,63976,0
42,123318,618,9,0,0.39,53096,288879,1
30,21375,516,8,0,0.47,23016,105344,0
51,119485,333,20,2,0.49,71920,25509,1
25,42092,565,6,1,0.23,18750,99934,1
38,20490,379,18,5,0.6,18445,171679,0
51,23729,712,20,0,0.59,95440,260927,1
21,25974,551,0,5,0.21,36075,118362,0
42,138222,311,10,4,0.06,17691,57540,1
32,105216,700,0,5,0.8,95610,177016,0
21,103860,581,3,1,0.49,75724,163222,0
62,147288,411,36,1,0.19,26860,207250,1
29,116870,677,0,0,0.26,31171,194835,1
49,41398,567,16,2,0.51,30421,128480,0
49,54650,597,19,1,0.15,43089,74128,1
45,41292,616,22,2,0.08,32990,128485,1
30,121291,808,12,4,0.65,66839,274382,0
48,123889,845,27,2,0.59,7486,106051,1
31,23159,664,11,3,0.28,72102,123913,1
37,118162,846,3,2,0.09,88077,129124,1
35,82766,570,16,1,0.41,70427,284951,1
46,114887,773,21,2,0.26,10046,161784,1
23,122834,836,0,2,0.35,30741,238097,0
49,37065,533,26,3,0.26,60089,251896,0
46,41638,358,27,3,0.18,6724,268289,1
60,21073,550,28,0,0.34,49347,261407,1
19,66511,385,0,1,0.77,23664,210908,0
40,104307,689,20,0,0.25,71886,117233,1
36,145274,479,9,3,0.3,80561,191723,0
48,120997,448,17,2,0.3,94761,142314,1
68,127866,420,37,3,0.41,10164,200077,1
22,49320,555,2,4,0.68,75906,64328,0
36,89876,608,18,2,0.35,33872,210705,1
51,54924,358,33,0,0.65,91366,255705,1
27,101720,368,8,2,0.14,90491,269136,0
42,60734,745,15,4,0.72,60879,41890,0
19,88116,687,0,3,0.19,48037,165466,0
28,60025,385,7,1,0.08,23985,130027,0
67,114503,526,37,5,0.17,89591,186029,0
48,22159,483,22,1,0.19,91702,219984,1
32,68940,621,8,1,0.43,58868,70353,1
26,99436,617,0,3,0.39,78925,28880,0
40,96976,698,20,1,0.59,20347,90520,1
36,34678,592,9,4,0.09,42623,33975,1
26,81075,592,0,3,0.42,17360,197688,0
52,67204,784,32,1,0.3,15214,125003,1
38,32021,746,10,5,0.52,28222,220497,0
26,26772,711,0,0,0.08,73279,253216,1
45,87163,807,12,3,0.08,35303,142421,0
63,129968,543,38,3,0.37,15698,28347,1
68,93755,719,40,2,0.66,30602,70923,1
24,43464,453,0,1,0.55,15947,110341,0
33,71137,723,13,0,0.06,53338,151830,1
33,50232,572,12,5,0.18,36537,7003,0
50,81497,819,20,4,0.22,23469,161679,0
21,128017,427,0,3,0.37,7486,205155,0
21,94024,672,0,4,0.49,73777,292816,0
56,120485,458,25,4,0.21,97390,46819,0
57,129898,475,33,4,0.34,20371,110408,0
34,71448,510,1,2,0.49,33524,167675,0
54,125468,746,32,4,0.34,66101,121707,1
56,104517,466,29,1,0.16,23474,112376,1
69,20901,759,40,1,0.42,79203,113777,1
46,107980,656,22,0,0.29,80337,176550,1
69,127594,603,38,0,0.7,48141,86714,1
53,103597,532,25,5,0.63,5405,134682,0
55,22881,626,26,4,0.19,3153,143568,0
56,49863,481,37,4,0.16,26131,33357,1
67,131362,633,40,2,0.31,20680,259704,1
54,25622,328,27,4,0.36,86233,51252,0
69,142740,392,40,4,0.75,54644,273031,0
52,21378,629,29,4,0.28,29283,11040,0
24,103168,483,0,3,0.7,94980,149512,0
44,113847,394,10,3,0.43,61357,133053,0
45,91186,652,19,2,0.71,88899,33371,0
39,65201,564,15,2,0.58,20646,143260,0
31,140767,318,0,1,0.58,40804,104542,0
24,127760,798,4,2,0.44,17036,50216,0
54,79251,438,21,5,0.68,7726,208464,0
39,92572,824,17,1,0.24,42160,289188,1
22,59255,554,4,4,0.73,19274,15620,0
19,83212,384,0,2,0.53,91123,287867,0
44,70210,757,16,5,0.38,88091,46503,0
38,145629,831,12,2,0.79,11168,225083,0
55,136736,391,30,2,0.7,16103,204023,0
32,42499,368,7,1,0.63,92437,140326,0
38,122552,336,16,1,0.26,31567,160582,1
27,71628,439,0,0,0.78,79743,107837,1
40,81360,477,22,1,0.61,24691,208124,0
56,24603,436,24,1,0.5,70092,74937,1
22,113309,489,0,3,0.74,41072,168194,0
18,147466,641,0,2,0.17,55118,179408,0
30,105473,304,0,1,0.15,34133,156894,1
38,32632,556,13,2,0.47,16893,51944,0
43,50607,542,23,2,0.09,82402,41002,1
67,111873,714,38,3,0.55,1656,22517,1
62,85756,642,33,2,0.23,42120,82366,1
38,66994,678,6,5,0.14,81632,277733,1
35,83382,445,11,1,0.36,58518,65117,1
54,90354,622,33,2,0.4,81983,132340,0
62,76344,421,36,0,0.18,20854,64264,1
49,73775,551,16,0,0.08,54212,64544,1
53,27349,610,23,3,0.36,88519,9627,1
34,91154,774,13,5,0.62,50696,123159,0
52,47464,791,26,1,0.71,97732,264123,1
66,62624,646,34,3,0.12,78582,202952,1
28,141897,786,0,0,0.44,67492,161526,1
38,146866,772,15,5,0.25,58795,265691,0
69,57344,681,40,1,0.33,25560,76634,1
43,145857,579,18,2,0.75,90711,108040,1
21,103791,371,0,1,0.31,87831,288485,0
51,44299,820,17,4,0.32,81391,282519,0
69,67975,665,40,1,0.21,52317,100642,1
65,21462,393,33,2,0.77,84539,70627,1
35,140209,672,16,4,0.39,79572,120145,0
57,101441,638,38,5,0.48,80380,262293,1
52,110456,736,25,3,0.39,1645,67515,1
58,101788,635,38,5,0.24,34146,6884,1
46,126540,791,21,1,0.66,40877,117586,1
69,60581,339,40,3,0.07,53736,90041,1
46,120372,658,17,1,0.57,45693,84738,0
55,91289,553,23,0,0.5,84060,110946,1
59,125541,697,28,0,0.16,21119,14595,1
38,34175,469,5,2,0.17,48679,90623,1
59,141704,810,28,5,0.54,93125,18918,0
30,26191,559,10,0,0.28,83581,133660,1
66,103434,758,40,4,0.25,14163,297128,1
58,104518,828,24,4,0.09,91123,282957,1
34,100158,640,3,1,0.62,88129,39999,1
26,86537,356,0,3,0.71,99691,63115,0
58,135721,517,28,4,0.66,31802,223773,0
18,67645,763,0,1,0.4,53175,177236,0
19,128536,546,0,3,0.45,94945,214849,0
65,43283,672,40,0,0.23,11111,113715,1
46,143153,716,20,1,0.18,60936,210991,1
50,106971,330,20,3,0.67,66526,286843,0
27,112759,667,2,2,0.65,22119,147553,0
67,79123,407,34,5,0.63,91211,88518,0
57,122780,717,37,5,0.4,62896,167406,1
38,50024,697,8,2,0.7,36539,123950,0
45,69630,571,24,4,0.74,90183,70625,0
28,50734,415,9,5,0.3,56387,230169,0
51,20515,555,19,3,0.22,93489,287934,0
25,130782,380,0,2,0.4,43823,53055,0
39,86727,427,12,4,0.18,70555,103163,0
25,117800,534,7,1,0.71,87190,153665,0
66,129164,480,40,1,0.3,48418,173818,1
32,66216,456,12,3,0.48,94870,42624,0
34,91833,753,10,3,0.5,49695,94713,1
40,78755,323,10,3,0.44,62936,158695,0
41,47856,772,11,5,0.17,17418,96471,0
62,134959,699,28,3,0.79,27742,252298,0
36,93870,433,18,2,0.18,80218,136220,1
22,44162,720,0,2,0.61,49028,291593,0
49,26008,512,29,4,0.64,78700,135670,0
61,27987,781,30,2,0.16,8618,186649,1
18,82532,647,0,5,0.75,69916,121405,0
40,116502,465,7,1,0.42,55628,149610,0
54,23332,647,27,4,0.52,90463,248491,0
25,86323,697,0,2,0.53,81699,187859,0
30,58990,734,9,3,0.43,86096,72899,0
25,29873,520,0,2,0.16,15725,201318,1
40,102542,607,9,0,0.61,42135,294652,1
60,105761,765,39,4,0.49,71223,121189,1
18,56444,398,0,5,0.14,46969,203059,0
62,55340,541,37,2,0.58,96498,250571,0
68,125219,457,40,2,0.58,68122,252595,1
41,25033,526,17,5,0.46,9056,20180,0
52,93324,722,25,1,0.12,71958,132151,1
41,35689,371,21,3,0.31,86578,129323,0
34,129756,542,15,3,0.09,61346,60003,1
22,107134,829,0,1,0.41,1952,188172,1
37,123016,344,11,1,0.73,96068,287463,0
38,115239,771,6,0,0.05,13521,290358,1
57,20066,670,23,5,0.25,11906,57861,1
48,134159,391,24,4,0.65,69514,101649,0
63,65246,321,31,3,0.06,43769,219281,1
53,27533,471,24,1,0.06,32275,54655,1
28,100639,491,3,1,0.51,44766,233485,0
69,90152,376,40,5,0.64,13343,193175,0
32,131581,580,13,4,0.63,78487,106401,0
36,135828,663,14,1,0.63,81227,116892,1
24,79658,478,6,0,0.32,78056,276801,0
68,58498,537,40,4,0.71,77862,121585,0
45,129028,434,22,0,0.06,31521,247717,1
68,31772,579,38,2,0.28,1805,172556,1
60,109385,318,32,3,0.3,36868,296721,0
22,69036,670,0,1,0.17,35343,183671,1
22,78531,411,0,4,0.3,78458,35558,0
47,139159,520,23,0,0.49,75327,231277,1
49,32940,603,19,3,0.44,36383,229446,0
25,138027,624,7,3,0.29,16040,264974,0
27,36932,736,4,1,0.61,26187,137282,0
55,115305,737,31,3,0.59,63678,68807,0
64,76827,469,31,1,0.26,97396,209666,1
49,81431,674,17,2,0.29,27525,269987,0
65,44648,680,40,1,0.27,39394,215943,1
45,132947,313,12,5,0.15,91672,286978,0
34,52966,799,0,0,0.61,83546,98263,1
48,47777,690,16,5,0.08,64989,188742,0
25,144661,848,5,3,0.16,40652,208252,0
57,52567,829,36,3,0.13,78510,115850,1
42,135259,791,13,3,0.67,75402,244204,0
26,37174,849,4,1,0.08,50200,88064,1
19,62598,684,0,4,0.55,84822,70553,0
32,144711,495,9,1,0.08,16015,252356,1
67,79199,599,40,0,0.64,61911,170127,1
20,33798,846,0,1,0.73,93206,38202,1
66,85364,607,40,3,0.42,57221,43805,1
53,37558,551,30,2,0.65,21695,112214,0
21,81084,307,0,0,0.58,25805,181010,0
31,64237,507,10,5,0.65,25190,225156,0
58,85497,430,25,2,0.63,8997,184596,1
58,20178,325,33,0,0.2,23752,183587,1
42,136932,753,18,0,0.42,19069,115168,1
67,106006,485,33,3,0.77,62485,76231,1
27,37118,783,0,5,0.31,58291,84414,0
38,42616,350,6,1,0.78,31508,259756,0
53,20798,304,34,5,0.49,88053,238888,0
29,27601,459,2,3,0.4,52574,9886,0
44,45363,507,14,3,0.54,52902,8771,0
57,22795,556,29,3,0.66,63426,64070,0
19,117462,504,0,2,0.35,9524,85630,0
30,65264,310,8,5,0.07,11071,221504,0
49,122892,307,29,5,0.58,42466,96210,0
48,92833,708,18,0,0.77,87132,182418,1
33,149688,331,11,4,0.52,51094,130890,0
49,23084,839,20,1,0.19,76317,160559,1
49,115865,686,18,3,0.24,41239,88764,1
51,96646,527,28,5,0.73,48560,135530,0
28,20731,774,2,5,0.06,46924,182010,0
27,21129,506,0,0,0.46,55542,284062,0
32,48022,617,7,1,0.17,93375,45345,1
34,21605,647,4,4,0.26,50264,144548,0
57,97506,533,35,4,0.28,68799,278005,1
35,129241,343,1,3,0.21,91538,198982,0
26,64130,441,6,4,0.64,39022,259488,0
42,49265,475,19,4,0.3,92178,92781,0
57,52330,748,26,1,0.31,36579,23767,1
31,88469,381,0,1,0.39,13571,239180,0
42,35187,434,11,3,0.73,83753,130274,0
67,45791,476,39,5,0.57,49225,117619,0
39,110436,682,11,0,0.1,8227,221261,1
69,90610,542,40,3,0.08,42189,144640,1
47,132341,440,24,2,0.47,15207,126652,1
37,111962,756,5,4,0.72,79208,110366,0
38,59867,739,9,0,0.29,54406,57650,1
61,136178,355,38,5,0.24,42783,160539,0
49,20893,826,31,5,0.61,86587,50577,0
68,119694,718,35,1,0.5,29879,262572,1
63,39773,387,31,2,0.47,29845,123352,0
66,24239,307,40,5,0.16,11015,64999,1
38,40863,776,4,2,0.18,83961,128958,0
52,71415,514,32,4,0.26,22496,160267,0
49,88968,796,29,1,0.21,1707,69383,1
47,120675,802,25,0,0.78,18767,164294,1
56,80430,544,22,1,0.06,27467,212111,1
66,139000,777,32,4,0.52,84222,299431,0
29,21515,608,6,5,0.44,8118,255323,0
58,117206,530,40,2,0.29,64884,63928,1
64,134210,682,40,4,0.72,12213,134895,1
35,124630,454,3,5,0.55,98021,25428,0
38,34605,474,14,3,0.8,82037,56138,0
30,76240,414,2,2,0.18,9868,237546,1
38,25586,689,7,4,0.12,52716,130606,0
25,121221,610,0,0,0.15,95869,94393,1
63,140419,599,37,0,0.25,43523,285276,1
57,142374,317,31,5,0.36,35028,185981,0
63,134205,311,30,5,0.7,11545,260129,0
24,51186,703,0,0,0.26,1357,30695,1
40,46928,531,13,3,0.74,22788,144969,0
61,118264,577,38,1,0.4,17802,224046,1
49,103087,652,30,0,0.54,55739,204257,1
28,142990,602,2,5,0.25,86875,271567,0
39,107029,840,16,5,0.17,2593,252055,0
39,40711,769,20,3,0.7,5602,178652,0
60,74962,376,28,0,0.13,76113,40210,1
42,40039,820,8,3,0.63,96865,209247,0
39,56561,323,6,0,0.49,11943,269739,0
45,95483,314,20,1,0.7,34012,181204,1
46,117871,824,19,4,0.59,71108,74611,0
30,101395,646,3,0,0.26,17250,80177,1
35,108658,471,8,4,0.48,83169,90862,0
19,21577,626,0,0,0.06,45053,66568,1
46,127792,784,28,1,0.41,40388,47095,1
38,48350,788,17,5,0.11,92707,89692,1
32,136908,761,12,4,0.37,72405,235287,0
69,127468,677,40,3,0.13,72507,145079,1
44,53798,463,15,0,0.77,50662,186197,0
67,117434,671,40,5,0.44,62311,65210,1
48,101417,723,29,0,0.73,80493,195826,1
32,30785,776,5,3,0.07,72504,280521,1
68,92227,681,40,1,0.53,87789,122790,1
40,138680,454,14,2,0.28,92477,137872,1
41,81957,556,14,0,0.37,57657,22192,1
61,85431,367,40,3,0.7,74183,42901,1
30,37297,643,5,2,0.79,26499,268113,0
39,91894,576,5,0,0.23,32785,172919,1
60,136869,690,26,4,0.76,82993,217209,0
54,83772,748,33,5,0.57,75536,249064,0
50,39581,558,21,5,0.76,53030,42473,0
20,75192,606,0,3,0.47,38909,297799,0
36,21462,394,10,4,0.77,35894,50814,0
40,148848,763,9,1,0.72,85124,258269,0
46,84173,545,15,2,0.15,73006,256697,0
47,35511,486,13,3,0.28,16473,181172,0
56,96106,672,37,0,0.23,82697,13947,1
61,68665,705,36,5,0.48,21063,171090,0
64,64414,707,40,0,0.65,79444,252668,1
42,101010,424,18,2,0.62,12850,236962,0
54,92573,636,21,4,0.6,1984,27510,0
64,113665,640,31,4,0.33,51450,110077,0
25,127803,477,0,3,0.15,57700,151145,0
59,139682,469,35,3,0.21,73723,144262,1
33,33386,338,8,4,0.61,94392,41855,0
25,144069,368,0,3,0.16,21339,42846,0
18,74460,535,0,4,0.22,39481,97079,0
61,26221,680,29,2,0.37,65351,84949,1
22,43474,356,0,3,0.1,53839,5768,0
20,126073,576,0,4,0.21,65236,32255,0
18,135375,398,0,3,0.16,80619,263464,0
21,132660,826,0,0,0.76,49287,250956,1
57,41045,624,31,5,0.19,61306,23691,1
52,111319,760,27,0,0.7,53197,241115,1
49,136582,478,18,1,0.14,26435,188214,1
59,125693,418,34,4,0.7,68621,113165,0
51,24922,768,32,1,0.5,31837,30993,1
60,131943,848,39,4,0.69,82719,119121,1
42,42706,754,19,5,0.7,36495,109537,0
27,62771,325,7,3,0.5,99680,17324,1
38,72335,789,18,4,0.74,40760,97981,0
63,118015,307,35,0,0.49,23084,198504,1
56,72949,815,29,3,0.58,38458,162234,1
44,90714,832,15,5,0.36,52946,37383,0
44,115558,448,13,0,0.74,67601,156858,0
19,35240,787,0,3,0.67,70218,263352,0
58,111756,324,26,4,0.18,60351,212026,0
65,122272,724,40,4,0.48,48561,167331,1
30,22716,592,2,0,0.72,51203,167723,0
26,36574,484,0,2,0.64,99024,79659,0
69,131815,730,40,4,0.77,97996,175828,1
53,103255,616,23,2,0.22,9820,280899,1
39,93717,697,16,3,0.33,58232,180738,0
59,131299,623,29,2,0.43,19757,225195,1
43,64066,845,21,0,0.22,47588,93802,1
29,135066,375,0,1,0.35,89682,159926,0
34,81826,785,4,1,0.45,9058,217314,1
31,40213,387,0,0,0.19,89388,155130,1
31,91916,531,6,1,0.24,80654,75084,1
51,86151,306,18,0,0.14,37742,165574,1
37,148518,849,7,4,0.59,73195,198269,0
28,137018,351,0,2,0.32,57980,19263,0
33,149024,695,15,1,0.22,71377,203160,1
68,70906,520,40,4,0.43,19335,282540,1
48,20463,727,23,1,0.1,48351,31455,1
23,51973,442,3,3,0.74,86841,119547,0
36,94694,662,5,0,0.27,69960,242948,1
54,40651,681,28,0,0.71,48501,136720,1
21,88694,576,0,4,0.42,56877,60546,0
64,40008,570,30,3,0.69,15538,69396,0
21,131738,313,0,2,0.24,4769,213217,0
37,90474,597,10,3,0.18,32586,38588,1
27,58185,763,0,3,0.69,92983,69202,0
41,107924,826,18,5,0.21,86551,228200,0
52,94417,533,18,2,0.61,68879,288973,0
43,145502,326,10,2,0.31,69922,209303,0
54,91139,770,22,3,0.61,53219,108180,0
55,54980,392,24,1,0.73,36107,41984,1
38,42504,608,17,5,0.79,1683,203742,0
57,74970,351,36,1,0.32,91987,154755,1
56,36766,618,37,3,0.33,67590,191205,1
38,136944,480,10,1,0.79,62097,219375,0
27,113922,419,6,2,0.7,90131,68276,0
55,31695,342,22,2,0.08,64402,16693,1
63,37796,559,40,1,0.48,86934,93564,1
21,62543,496,3,2,0.19,24685,201512,0
62,34559,554,40,0,0.8,66884,66291,1
37,124450,635,11,2,0.15,95426,7472,0
34,53139,801,4,3,0.47,17362,190718,0
24,140494,554,0,4,0.55,91561,85836,0
21,123869,813,0,1,0.75,1503,297693,0
46,28802,541,19,5,0.69,42045,256666,0
31,93843,448,5,1,0.23,14576,266887,0
20,60205,598,0,2,0.48,34290,84142,1
41,118750,752,20,2,0.77,61495,144873,1
54,54159,692,27,4,0.6,12884,114530,0
33,31516,511,13,4,0.57,52660,260940,0
69,70492,837,40,5,0.62,26205,97358,0
21,49086,430,1,3,0.29,64739,124343,0
41,133758,628,15,0,0.6,33785,267402,1
51,50480,555,31,3,0.22,2268,11817,1
47,72091,778,22,5,0.37,67712,298000,0
35,148023,362,10,1,0.72,19016,135571,0
36,130195,610,4,2,0.06,62939,41123,1
48,67766,706,18,3,0.36,79281,190930,1
36,58737,404,12,2,0.25,78497,6158,0
66,29265,314,40,2,0.2,50266,195545,1
63,134165,558,36,3,0.68,42712,261653,0
36,139501,711,2,3,0.57,7768,200792,0
39,138257,558,21,4,0.13,60214,285278,1
41,90990,559,11,5,0.42,19972,283930,0
62,121454,344,32,5,0.4,99625,95933,1
29,111717,630,0,0,0.16,74162,15494,1
47,35386,464,21,4,0.65,64412,31273,0
55,124718,492,28,0,0.33,46281,43302,1
48,57425,820,25,3,0.62,29403,139624,1
53,141635,700,31,5,0.19,95568,53829,1
36,63254,673,17,5,0.29,31226,240621,0
65,109863,364,37,0,0.12,50985,44379,1
62,138350,686,36,1,0.16,29783,167074,1
53,73634,794,30,4,0.71,74939,205721,0
47,106717,714,22,4,0.13,96155,293676,1
66,67662,329,40,4,0.12,69155,41861,1
50,106988,565,24,5,0.76,67883,209732,0
35,123784,627,10,2,0.53,69700,226870,0
69,126337,791,40,5,0.13,80095,139651,1
66,119287,516,40,2,0.78,28788,194016,0
45,107527,619,25,5,0.16,8166,30619,0
64,126847,698,34,3,0.62,36219,288973,1
28,95452,404,9,5,0.08,66441,211179,0
62,30143,629,28,3,0.52,1403,25912,1
50,111391,346,17,2,0.46,76569,176406,1
34,35581,613,13,4,0.21,28224,178073,0
23,87443,446,0,2,0.53,84610,170413,0
21,49424,761,2,0,0.51,4485,27104,1
37,108844,785,7,4,0.65,75984,247379,0
65,61984,709,31,5,0.71,66491,153583,0
64,61505,326,32,5,0.43,87208,194439,0
44,132061,328,22,5,0.42,79946,180726,0
32,122478,570,8,5,0.52,15262,99428,0
23,82699,800,0,5,0.6,94296,108487,0
64,46957,552,40,2,0.32,76370,72837,1
31,45464,684,1,3,0.43,98815,200832,0
28,134012,359,9,2,0.49,28928,265831,0
56,43649,406,35,1,0.79,64179,231105,0
26,62065,519,0,2,0.49,87365,115601,0
43,112661,740,10,4,0.22,89379,232757,0
33,54758,845,10,5,0.49,35712,243738,0
22,25596,395,0,2,0.66,86491,172038,0
69,36374,388,36,3,0.69,35328,121052,0
27,138686,530,0,5,0.65,32632,244109,0
67,23775,574,40,0,0.72,38515,189717,1
20,47388,545,1,1,0.3,63074,204303,0
30,143800,410,4,4,0.43,73690,263561,0
60,41029,533,26,3,0.63,65947,208253,0
66,103981,577,40,1,0.25,29170,191104,1
47,73639,776,15,2,0.33,47857,151104,1
62,134010,716,36,1,0.67,50744,200293,1
23,34645,427,0,5,0.63,97699,158315,0
34,51105,536,15,5,0.78,78621,50915,0
62,33668,427,39,0,0.8,93780,212041,1
68,147949,693,40,1,0.23,6327,284523,1
36,35960,774,2,1,0.73,62246,84146,1
59,146519,694,40,5,0.12,83675,94416,1
52,31357,410,25,2,0.58,92411,212323,1
63,84604,389,36,2,0.22,34264,138703,1
43,122739,579,20,4,0.28,79596,134140,0
68,71796,632,39,2,0.76,16656,103567,0
22,35804,523,0,1,0.25,19805,280974,0
46,147732,400,16,0,0.55,29855,160668,0
54,135733,431,21,2,0.18,5127,48484,0
37,34626,312,10,5,0.12,62722,99756,0
66,48132,756,40,5,0.3,39319,292916,0
38,27951,740,19,4,0.52,70126,272260,0
27,26449,397,3,4,0.24,13973,221125,0
22,39065,419,0,1,0.28,83381,128085,0
53,121503,592,35,2,0.58,49087,6636,1
23,125072,300,0,2,0.13,58711,12811,1
43,29130,549,13,4,0.39,28281,151295,0
21,109360,448,0,2,0.76,17549,146653,0
56,82287,694,30,1,0.35,62426,288063,1
56,126937,343,29,0,0.38,28623,88018,1
67,71702,343,33,5,0.6,90616,138676,0
52,56993,377,27,1,0.63,5697,136279,1
18,51875,525,0,2,0.63,16730,229998,0
41,135284,461,15,1,0.8,29245,144535,0
53,26054,552,26,5,0.1,45134,172518,0
23,119809,431,0,3,0.79,32313,17671,0
58,127357,747,26,5,0.76,85093,276620,0
63,68517,773,31,5,0.69,66573,272130,0
61,96368,408,40,3,0.39,54595,47001,1
48,49670,334,27,2,0.7,30908,11803,1
37,69112,766,19,2,0.22,68557,56446,1
41,108388,574,12,0,0.64,40648,16905,1
42,109156,486,23,5,0.19,38289,7461,0
53,48307,542,21,1,0.66,63710,242321,1
38,133087,563,4,0,0.51,9839,63687,1
47,87087,821,23,2,0.12,97541,141745,1
41,67922,840,18,2,0.72,69838,80956,1
61,83080,386,32,4,0.48,9511,254127,0
59,113348,834,40,0,0.54,87527,87863,1
47,99335,509,16,2,0.26,76450,296708,1
39,46312,345,18,3,0.7,10948,17251,0
45,125156,766,23,4,0.46,45638,218157,1
24,86985,839,6,1,0.37,94890,198166,1
52,140641,325,34,4,0.45,6873,249796,0
45,77608,565,22,5,0.58,32461,199683,0
31,109962,474,9,5,0.57,74034,172149,0
27,120963,815,8,1,0.32,90092,272805,1
33,60277,610,11,3,0.34,99142,8838,0
33,51551,621,7,1,0.47,28091,47073,1
48,109813,434,16,0,0.74,72171,146450,1
59,76597,354,29,1,0.61,53999,80113,1
42,121025,842,13,1,0.34,34532,249571,1
30,144342,830,8,4,0.3,23690,164599,0
23,65212,455,4,3,0.44,18036,178259,0
61,29637,446,40,1,0.7,46040,241338,1
26,63258,784,0,0,0.06,57196,152053,1
62,55693,319,32,4,0.58,48911,67457,0
53,29824,568,24,3,0.27,45562,278941,0
60,149553,632,40,3,0.21,11321,293601,1
37,46950,700,5,2,0.06,30152,156989,0
35,43488,605,4,5,0.72,86884,276015,0
60,147870,327,33,0,0.73,87531,88050,0
38,124544,766,13,5,0.1,55911,219395,1
21,135200,559,0,4,0.44,91298,195487,0
67,20215,833,37,4,0.16,1145,43398,1
50,125603,400,25,0,0.62,71637,233136,1
44,31523,850,13,3,0.55,5247,80058,0
24,95900,652,6,1,0.27,76114,272174,1
23,88689,599,0,0,0.14,70724,6381,1
32,43834,595,7,4,0.67,98310,141164,0
35,54474,652,9,5,0.56,64289,92620,0
49,63066,429,19,0,0.06,44547,216224,1
28,119871,455,8,3,0.52,3696,220752,0
37,30400,373,10,2,0.66,63041,170783,0
41,145211,641,19,2,0.49,20713,120645,1
32,30345,764,9,1,0.37,45549,184815,1
65,53896,389,40,1,0.49,44548,292530,1
24,105430,754,0,3,0.51,53633,290157,0
38,48899,631,7,5,0.53,97411,252293,0
59,126171,647,27,1,0.78,91886,11885,1
43,48229,532,16,2,0.18,5641,111905,1
61,137053,401,32,3,0.52,72095,150117,1
31,25583,780,7,3,0.19,12631,23780,0
54,24897,513,30,3,0.21,36816,94771,1
38,140406,407,10,0,0.55,3023,196695,0
35,91537,464,5,5,0.74,26656,45021,0
22,129417,634,0,5,0.17,87190,222831,0
20,24567,385,0,1,0.77,88253,23942,0
40,94807,723,17,5,0.29,35842,160786,0
43,149648,663,15,4,0.34,99086,56672,0
54,132652,359,29,2,0.17,56189,117437,1
41,97239,781,23,1,0.51,46923,91557,1
66,33329,549,40,5,0.5,36080,189051,1
36,121045,416,11,2,0.38,4474,93549,0
68,137708,844,40,1,0.41,80707,19008,1
42,91792,343,20,4,0.52,4260,65196,0
38,20228,808,18,2,0.49,61218,269438,1
29,110282,464,0,4,0.33,50109,24061,0
58,102214,667,27,2,0.71,6618,60733,0
50,57052,591,18,0,0.55,46765,103376,0
67,77769,585,33,0,0.2,35118,176076,1
21,66032,503,2,2,0.29,10285,85625,0
59,131694,823,30,2,0.64,58083,187365,1
24,108721,420,0,4,0.13,74677,189754,0
39,53686,487,18,5,0.61,29352,15237,0
50,96981,312,31,3,0.32,45056,278838,0
34,118802,499,3,2,0.46,64045,154533,0
41,83261,755,13,1,0.26,24707,83000,1
51,22809,747,21,1,0.79,23161,81599,0
45,123265,370,21,1,0.73,68390,216352,1
60,61785,429,33,0,0.75,19650,18064,1
58,56547,342,40,5,0.19,17944,189396,1
56,62818,819,35,4,0.68,8546,137004,1
39,120422,312,16,5,0.45,55139,60835,0
66,91927,834,40,0,0.58,8207,57381,1
34,85681,601,14,5,0.21,95804,22574,0
51,99465,826,20,5,0.58,73022,37779,0
23,109862,414,0,1,0.74,32222,116422,0
63,115527,759,30,2,0.25,30121,293169,1
23,133221,804,0,1,0.23,85303,169288,0
51,57333,607,20,5,0.13,39915,207493,1
18,146457,624,0,2,0.25,11017,241475,0
27,36576,474,0,4,0.45,16094,30491,0
38,139875,813,20,3,0.67,32236,286697,1
22,59405,471,0,2,0.26,8664,148990,0
19,114000,801,0,0,0.52,30921,279657,1
39,93779,633,13,1,0.41,96381,152902,1
65,51601,583,40,1,0.27,81109,195326,1
19,87946,774,0,5,0.43,68219,180767,0
27,87356,353,5,5,0.18,64590,166243,0
51,72116,757,25,5,0.53,10390,138322,0
33,120825,719,9,5,0.14,34777,61263,0
65,144749,708,39,1,0.6,49588,67114,1
68,137256,603,40,2,0.18,98313,7681,1
56,124186,521,22,4,0.8,43667,88321,0
39,82894,832,10,2,0.67,95647,139479,1
29,54635,457,6,0,0.31,30980,22427,1
41,27465,647,16,1,0.37,24808,134463,0
64,76754,458,32,2,0.24,64470,26747,1
57,117975,534,37,1,0.63,73762,18555,1
55,112850,704,36,0,0.34,88983,201999,1
27,129765,556,1,3,0.62,18926,28263,0
52,105119,346,27,3,0.06,18621,207592,1
68,112691,512,40,3,0.15,12167,141199,1
66,58871,778,40,1,0.32,72245,109893,1
49,82874,786,18,2,0.13,79776,113930,1
24,97733,641,5,1,0.5,36031,98159,1
38,49511,823,19,4,0.09,33146,142926,1
37,100960,802,13,2,0.69,8998,161805,0
43,68821,305,14,0,0.62,41508,229811,1
21,85776,443,0,5,0.21,77348,39311,0
63,138128,560,40,3,0.41,32101,22175,1
69,90167,531,39,2,0.39,80764,226620,1
39,95135,569,20,2,0.59,25747,223162,1
32,64462,746,7,3,0.35,61800,60195,0
57,81382,521,31,0,0.07,96326,33090,1
38,110194,351,17,1,0.26,2882,241587,1
32,123381,415,0,1,0.4,39955,78334,1
39,52574,837,12,5,0.78,85195,58111,0
69,122072,840,40,2,0.71,60965,91284,1
45,61910,318,12,3,0.19,89794,268860,0
31,93531,691,4,4,0.59,90422,180396,0
44,45186,718,14,0,0.75,42560,78406,1
58,114781,608,32,1,0.06,32343,192585,1
57,42813,485,33,0,0.59,84943,181205,1
45,98812,560,24,0,0.39,4950,209988,1
43,105525,827,22,5,0.56,4889,274701,0
66,98282,572,37,0,0.5,31410,102304,1
19,129779,459,0,3,0.79,95504,133301,0
42,38557,523,21,5,0.27,19976,40486,0
20,48060,555,0,3,0.64,24016,45655,0
25,78866,479,1,5,0.23,75747,94638,0
61,92104,319,39,3,0.38,23742,68823,1
50,120905,767,16,5,0.78,24553,210702,0
59,104577,509,31,5,0.62,64338,89801,0
69,26080,812,37,2,0.29,30332,290238,1
52,33854,357,28,3,0.51,79625,134095,1
23,142013,392,0,2,0.09,5436,216781,0
56,87695,520,23,5,0.25,18087,119708,1
69,47025,531,40,1,0.59,56702,278408,1
40,72982,663,22,5,0.48,26428,152003,0
42,61081,673,14,1,0.4,75033,47059,1
67,24368,755,40,1,0.57,29154,7650,1
60,119621,387,27,1,0.35,93045,61238,1
36,139181,319,18,1,0.07,45747,258137,1
22,47094,313,0,3,0.38,35349,179903,0
68,66040,432,40,4,0.73,70493,187911,1
28,86766,333,9,3,0.69,38358,216759,0
29,103053,507,7,4,0.36,53484,274218,0
27,43991,498,0,3,0.07,81449,251519,0
25,21301,454,7,1,0.53,51837,62344,0
41,48610,377,9,0,0.61,76333,189991,0
45,101463,471,19,5,0.27,8531,47925,0
58,54678,588,36,4,0.41,14825,152759,0
53,44466,844,23,0,0.79,65028,285309,1
54,100440,719,27,1,0.48,73447,237601,1
38,60875,306,7,4,0.31,33316,67055,0
25,46081,459,0,0,0.52,72267,261024,0
26,44354,539,0,3,0.19,18279,177839,1
64,113297,722,40,1,0.2,45223,263072,1
32,38300,835,0,3,0.74,90952,99154,0
65,84384,369,40,3,0.23,29000,91123,1
63,115027,515,40,1,0.28,13045,71889,1
57,141684,403,29,4,0.46,52498,257034,1
35,80892,353,6,5,0.72,37299,252590,0
59,55525,629,26,2,0.64,77202,123690,1
37,46532,502,9,2,0.08,19245,286328,1
23,26464,587,0,5,0.57,99102,11902,0
29,36562,344,0,1,0.43,28339,287791,0
19,127392,497,0,2,0.41,71388,185446,0
24,75514,515,4,5,0.57,82950,34140,0
33,133428,780,14,0,0.2,64819,197789,1
20,132564,608,0,5,0.79,80817,56730,0
62,128047,734,29,4,0.53,29031,231829,1
20,94219,631,0,5,0.32,17626,133996,0
44,52634,326,13,3,0.5,24302,63557,0
67,20060,465,40,3,0.21,47691,58206,1
60,29269,617,29,1,0.53,31112,148577,1
57,83143,573,38,3,0.07,72047,61618,1
55,43065,682,37,0,0.31,71204,179859,1
50,22895,664,31,5,0.61,7087,236616,0
45,100859,402,19,0,0.66,73551,198697,1
18,32352,802,0,1,0.24,97955,144115,1
25,130179,672,0,3,0.45,32314,170202,0
54,69737,544,26,2,0.45,78150,97950,1
49,124127,468,26,5,0.37,70539,64846,1
65,116426,717,36,2,0.22,27235,59673,1
60,52016,655,40,4,0.58,61572,240911,1
54,81304,777,25,1,0.24,34366,142816,1
21,31962,424,3,4,0.73,52347,264113,0
47,53302,836,21,2,0.45,33837,242660,1
23,105382,701,0,2,0.7,9139,44260,0
63,24011,816,35,2,0.27,10585,110806,1
36,149716,830,16,4,0.66,4659,270614,0
49,39782,553,28,1,0.14,92761,167715,1
26,87691,420,0,5,0.63,6634,9201,0
29,140654,331,6,5,0.34,4682,85863,0
28,142017,336,10,0,0.4,36451,250293,0
63,59725,641,38,0,0.18,71098,32340,1
33,29196,312,8,2,0.06,5652,98716,0
18,63459,482,0,1,0.55,87851,149560,1
62,107245,564,28,1,0.49,76038,100910,1
38,149613,387,20,3,0.52,71249,45200,1
47,98863,761,15,3,0.24,6413,27355,1
30,143206,345,0,4,0.23,22984,280975,0
51,139391,691,31,3,0.67,21487,133211,1
21,121010,418,2,5,0.62,3075,198428,0
45,52769,830,25,5,0.3,34550,55920,1
55,127529,746,29,4,0.53,86726,247740,0
48,145361,345,15,0,0.67,98799,277986,1
44,44700,807,14,2,0.72,43293,80459,0
22,135792,825,0,1,0.05,78445,215435,1
42,100356,302,13,0,0.66,30212,209891,0
20,96427,327,2,5,0.31,15962,272701,0
50,120165,680,25,0,0.59,16853,271576,1
21,25269,456,0,4,0.33,51209,148078,0
42,141631,810,18,2,0.5,80911,42788,0
37,63880,632,11,5,0.54,46964,69167,0
51,134003,413,17,4,0.35,68645,31887,0
43,28320,688,16,0,0.43,61501,232551,1
22,69589,786,1,1,0.59,67856,71513,0
52,139534,549,28,3,0.41,82523,222202,0
45,96276,614,21,4,0.06,38185,39026,0
46,55897,538,21,5,0.06,70235,246423,0
26,78565,533,1,0,0.55,50884,219289,0
69,50930,602,36,3,0.69,63858,166155,1
55,77233,633,26,3,0.64,94745,268876,0
67,102821,412,35,0,0.28,65326,64853,1
23,34380,661,0,2,0.4,40330,251208,0
36,96896,396,10,0,0.23,47415,276573,1
61,90934,315,40,5,0.79,62006,231349,0
28,75830,675,0,1,0.25,50127,173340,1
19,25529,689,0,5,0.36,23547,68727,0
64,141292,516,40,3,0.56,23939,100485,1
61,114598,698,28,1,0.71,80738,33899,1
61,122222,559,34,4,0.09,95756,20068,1
26,102987,619,0,3,0.28,88298,249602,0
38,69178,495,16,2,0.48,75332,70701,0
41,26937,777,13,0,0.51,2722,222824,1
51,141952,717,21,4,0.1,44364,100742,1
39,59886,774,7,5,0.55,12674,34269,0
20,69699,843,0,1,0.45,3812,148291,1
29,96396,530,0,4,0.67,3278,89694,0
45,110678,820,13,2,0.22,36118,64043,1
47,45279,499,19,0,0.2,70159,162061,1
43,58106,320,24,4,0.65,7530,70263,0
65,130776,610,40,5,0.58,50866,178478,0
38,121444,733,9,1,0.64,82523,229666,0
45,126300,670,12,4,0.64,1924,225740,0
43,133793,377,24,0,0.13,20546,124432,1
50,136278,841,16,5,0.26,54305,21830,1
38,99737,584,7,4,0.25,78806,168936,0
52,60544,439,19,1,0.75,19953,105730,1
69,123247,581,40,0,0.42,36583,179749,1
51,131190,557,24,2,0.13,89892,24641,1
58,28997,659,24,2,0.27,71114,222718,1
68,126102,739,38,3,0.7,5462,159307,1
64,105711,569,31,4,0.69,1888,242632,0
35,136045,433,9,1,0.73,88868,197673,0
28,60860,403,7,4,0.34,86398,93634,0
40,23225,394,7,0,0.53,86509,20309,1
65,130114,779,37,3,0.26,68259,196905,1
39,79470,540,15,1,0.19,24410,215686,1
34,133218,312,0,4,0.07,9602,136477,0
22,148854,446,0,1,0.22,19614,59012,0
61,120764,394,40,0,0.5,19444,16575,1
28,127041,592,0,3,0.73,54050,213467,0
47,132224,324,20,1,0.15,69149,101148,1
32,83656,571,5,0,0.74,89618,18153,1
44,71880,804,17,2,0.31,82516,294157,1
52,81078,465,23,1,0.37,45866,142762,1
50,108646,386,31,3,0.32,67213,246050,1
37,96290,790,11,5,0.36,77638,223323,0
33,76633,440,11,5,0.24,58239,197125,0
51,46655,402,26,1,0.57,44211,167377,1
19,141118,525,0,1,0.62,4004,274875,0
52,63601,593,28,0,0.67,64789,106225,1
57,23114,605,33,4,0.31,75522,110678,1
45,46502,553,19,5,0.62,65084,208631,0
64,69768,479,40,4,0.53,27269,239937,0
56,68128,339,25,5,0.77,80709,5910,0
23,40028,819,0,1,0.37,22118,173542,1
26,75565,845,0,3,0.79,99494,92718,0
37,103123,535,6,3,0.61,15089,61850,0
18,128255,762,0,5,0.63,43956,165462,0
25,55333,527,0,5,0.07,86786,115805,0
40,23174,782,14,0,0.42,92601,164287,1
20,137769,729,1,1,0.45,80226,102101,1
21,55398,321,0,1,0.08,14740,158318,1
42,55929,642,8,4,0.28,70581,185376,0
64,24321,339,40,0,0.77,72160,23862,1
55,143549,472,31,2,0.37,87078,193898,1
32,115971,738,2,3,0.19,44779,87224,0
38,131508,478,16,3,0.44,21495,273256,1
52,75421,432,19,1,0.08,40602,261189,1
63,92635,650,31,0,0.44,10033,272791,1
69,43760,824,40,2,0.5,54103,245127,1
31,31360,839,0,3,0.32,88140,99550,0
53,30313,805,35,0,0.62,21442,128594,1
29,131806,383,0,2,0.15,4247,121397,0
34,105998,763,2,5,0.71,51368,161705,0
56,25801,642,25,1,0.77,56244,123153,1
26,34130,579,0,4,0.05,26474,128620,1
52,34271,562,25,3,0.68,65784,205174,0
30,36075,465,11,3,0.43,6586,204893,0
32,122455,592,9,2,0.4,57228,82565,1
35,127215,808,1,4,0.23,8940,83615,0
68,38984,525,40,5,0.39,19606,264249,0
50,108095,469,28,0,0.76,41747,210159,1
23,80942,747,0,1,0.21,65727,204885,1
44,32861,801,12,0,0.18,35282,24015,1
40,118970,826,12,2,0.23,58760,6757,1
44,102203,678,22,3,0.46,63996,168157,1
51,91376,500,33,5,0.75,3883,196190,0
63,81247,549,35,3,0.48,37594,289007,1
55,89101,708,27,0,0.23,97031,293242,1
31,128730,424,8,5,0.38,79103,151367,0
53,40977,412,28,1,0.34,70875,292965,1
25,70617,436,6,2,0.08,99978,47372,0
52,77473,795,20,1,0.43,89209,26833,1
36,106654,449,10,2,0.14,16426,58990,1
47,108177,642,15,1,0.68,17486,265749,0
31,92902,620,6,0,0.46,77085,44498,1
37,112172,831,4,4,0.68,4993,130829,0
66,35630,588,35,5,0.77,13219,53547,0
42,40056,788,10,2,0.76,4708,147140,0
57,27382,791,27,0,0.13,29788,150328,1
41,75739,551,15,3,0.76,2495,199793,0
31,101685,376,13,3,0.65,95970,169036,0
43,68639,691,20,1,0.63,37160,10830,1
55,79838,711,30,3,0.12,8537,283012,1
40,66041,472,6,4,0.18,36553,142751,0
39,20992,500,6,2,0.78,23203,18989,0
65,92394,516,35,1,0.21,55032,259341,1
36,87657,675,15,2,0.18,72124,245494,1
63,47160,310,40,2,0.32,94844,127850,1
68,65156,311,37,0,0.74,81747,60701,0
20,71375,734,0,3,0.41,38659,225170,0
59,106442,672,26,5,0.74,65043,282063,0
36,39572,572,5,2,0.3,4525,118916,0
26,137925,808,0,4,0.22,86437,147108,0
45,24136,431,14,4,0.42,5777,226046,0
37,81868,618,6,5,0.51,70725,25999,0
62,102263,467,40,3,0.34,46791,245348,1
24,52167,696,0,3,0.31,89853,244695,0
31,130957,479,0,1,0.21,32501,46543,0
26,35479,357,0,1,0.26,66258,253519,0
36,139392,779,6,1,0.55,84833,207985,0
64,51376,759,40,3,0.33,77185,158860,1
69,24823,360,40,2,0.11,24719,126764,1
31,145156,668,0,0,0.15,67686,65048,1
55,90456,420,23,5,0.33,80837,167829,0
53,39585,845,34,5,0.74,29434,184347,0
57,123775,316,29,5,0.33,21520,113192,1
34,37272,795,15,1,0.1,57881,291468,1
47,46619,796,25,0,0.36,2510,164806,1
26,95069,804,0,4,0.55,29546,99364,0
50,59895,831,32,3,0.5,14982,159168,1
69,23720,614,40,4,0.26,70451,188214,0
42,39267,368,18,1,0.57,81270,99984,1
31,35696,460,4,2,0.52,89245,249718,0
28,49968,444,5,1,0.18,20636,81986,0
52,73364,684,23,0,0.17,99220,233200,1
58,43345,568,28,1,0.46,59087,61698,1
31,71567,753,3,5,0.54,11957,55502,0
47,111229,817,28,2,0.77,37706,240718,1
58,81607,649,25,2,0.37,63871,184056,1
21,39385,409,2,3,0.62,62737,43202,0
21,103658,782,0,3,0.14,41975,66445,0
45,86900,706,27,5,0.72,98364,90869,0
25,88244,350,0,2,0.52,29129,219271,0
19,85425,702,0,5,0.52,38939,256758,0
58,98518,775,40,2,0.16,66059,186044,1
63,102844,386,30,0,0.08,9298,145607,1
39,52919,367,15,1,0.58,65422,23679,1
58,110697,341,26,3,0.14,7480,119691,1
33,77196,356,15,0,0.15,94080,93901,1
46,135600,495,20,1,0.19,61389,212353,1
66,120625,361,40,3,0.12,69393,136102,1
65,99401,562,31,5,0.52,5349,63996,0
47,20495,411,20,0,0.37,67964,247372,1
29,64755,477,6,4,0.25,40491,87805,0
52,87684,325,30,4,0.38,47778,61644,0
28,53324,709,3,3,0.68,89699,131238,0
63,98929,830,38,0,0.75,28677,26227,1
67,21552,616,40,1,0.42,97440,97238,1
38,71272,831,9,1,0.48,82254,154746,1
38,55853,405,14,0,0.24,81345,205502,1
22,138192,763,0,4,0.44,14272,9596,0
65,52924,545,35,0,0.61,12828,21588,1
37,94462,380,3,4,0.42,45431,163298,0
54,116387,695,33,4,0.28,8856,279597,1
20,43889,821,0,5,0.49,12223,95117,0
61,125466,563,40,5,0.76,40413,291668,0
50,74675,573,21,1,0.72,57822,298987,0
26,142231,471,8,3,0.63,36689,68140,0
26,93591,564,0,2,0.26,74702,17744,0
21,90190,325,0,0,0.23,57396,111320,1
52,42634,768,18,4,0.68,13637,143554,0
34,52363,775,9,0,0.19,47534,252859,1
51,83752,655,17,3,0.5,67414,225282,1
41,97004,325,22,3,0.38,77240,150102,1
49,76398,333,29,2,0.4,75038,155117,1
18,118458,563,0,2,0.39,16266,294279,0
25,60718,437,2,4,0.72,49068,186749,0
62,133627,761,35,5,0.12,45356,231505,1
40,102916,467,9,2,0.64,87295,280877,0
64,46870,380,31,5,0.68,16046,198185,0
57,57394,706,33,5,0.76,26270,90160,0
29,72057,345,11,4,0.39,77342,114318,0
29,99795,352,0,1,0.43,38988,191952,0
63,100409,775,40,5,0.77,53179,41382,0
64,33016,315,40,4,0.39,36892,54999,0
32,62137,659,0,2,0.43,30512,265820,0
58,20153,786,31,0,0.3,60165,171544,1
36,27853,801,7,2,0.07,6099,224746,1
43,32379,440,24,3,0.37,54487,271037,0
69,35792,746,36,2,0.54,96847,213181,0
46,141169,589,14,1,0.57,75088,212871,0
39,58367,508,9,4,0.05,78163,106298,0
57,38100,774,26,5,0.65,91845,173373,0
38,146082,712,19,3,0.42,51003,235876,0
68,133089,726,40,4,0.44,67886,244133,0
55,83456,670,35,4,0.77,78812,117696,0
37,31049,589,15,5,0.26,12739,64087,0
46,20786,731,13,2,0.62,87838,238793,0
68,89904,567,36,0,0.48,13384,199794,1
21,50699,450,0,3,0.58,34094,138738,0
24,142784,554,0,5,0.36,3120,112705,0
45,67691,652,14,1,0.26,1993,58513,1
45,57040,676,12,1,0.46,88295,119307,1
21,138455,657,0,0,0.33,19150,208760,1
39,112990,669,16,0,0.22,65681,283313,1
29,77986,526,2,2,0.68,46388,252831,0
62,58762,602,37,1,0.41,92292,22668,1
20,43600,688,0,3,0.69,52116,240715,0
39,114774,676,19,5,0.41,56753,56810,0
61,110777,417,40,0,0.47,40787,223444,1
19,39810,304,0,0,0.8,36673,123700,0
41,105703,743,15,0,0.76,9290,23362,1
51,107347,651,18,5,0.25,61123,215366,0
44,125315,832,23,3,0.7,17627,99410,0
58,77204,423,31,1,0.34,74474,62026,1
18,40085,576,0,3,0.1,59844,56376,1
25,66854,693,0,5,0.48,63904,19156,0
40,94797,659,19,3,0.78,65705,21239,0
55,104269,768,29,2,0.78,69245,18014,1
23,59779,356,2,5,0.14,28629,228474,0
39,76207,550,6,0,0.63,45186,273061,0
42,114615,449,10,1,0.65,90621,20350,0
35,53980,751,16,2,0.33,47537,210894,1
34,76117,461,3,2,0.54,31832,219943,0
29,34141,419,9,5,0.42,24472,286035,0
23,29344,650,2,4,0.22,49850,295627,0
43,125008,398,25,0,0.62,87298,298279,1
44,35896,466,18,1,0.25,10507,279942,0
25,109353,813,0,1,0.31,76114,179991,0
36,49813,700,5,1,0.19,56696,281342,1
59,104431,664,25,5,0.59,73247,112378,0
18,85679,625,0,0,0.39,57373,191574,1
46,30681,546,19,5,0.38,62264,37104,0
62,92903,733,29,1,0.5,16979,274747,1
66,23228,392,40,3,0.17,16049,43661,1
52,24582,567,23,3,0.72,60081,166037,0
57,98683,620,37,0,0.4,25997,296484,1
31,31397,361,0,1,0.32,57144,203761,0
52,58799,599,18,5,0.15,41830,159641,1
65,57011,702,40,4,0.18,82369,205174,1
62,99183,602,38,4,0.74,86721,54411,1
37,113254,552,15,4,0.39,22746,113004,0
66,64264,777,40,3,0.59,88393,163326,0
30,62317,668,0,5,0.11,10603,105148,0
55,67914,459,22,4,0.53,77977,279350,0
66,104633,465,34,1,0.74,5570,268677,1
63,122489,504,39,1,0.27,33316,76132,1
66,144237,566,40,4,0.48,52604,222761,0
25,65254,437,0,2,0.76,19467,232677,0
60,60096,667,33,4,0.59,79381,273502,1
37,73785,742,11,2,0.1,45638,168107,1
50,72344,316,32,0,0.33,27943,170531,1
43,134988,367,25,0,0.11,71369,177359,1
56,102643,432,31,1,0.7,4340,235964,1
38,140382,729,18,5,0.52,44532,130774,0
66,88546,607,40,3,0.77,78848,218089,1
59,91091,473,38,5,0.06,67175,173594,1
60,85603,711,32,1,0.37,59918,43941,1
58,48412,396,36,1,0.13,45188,78588,1
26,130489,453,0,5,0.31,16211,91938,0
41,71658,541,16,3,0.17,14496,248795,1
54,119841,603,24,1,0.3,95381,249696,1
66,69549,584,40,3,0.66,58248,99846,0
58,147595,326,29,1,0.17,96625,62428,1
34,31549,701,4,0,0.41,42145,278859,1
41,91216,659,16,2,0.74,30672,45583,0
38,45739,359,6,1,0.8,82481,201791,0
68,41209,501,38,2,0.24,84238,25706,1
56,127051,669,38,4,0.75,75255,288460,0
58,107968,832,35,1,0.25,37027,172667,1
56,35116,451,28,0,0.36,37251,269641,1
30,40045,401,0,3,0.71,20403,18562,0
28,46327,745,10,0,0.64,93345,144829,1
63,55709,528,35,2,0.69,26150,236311,1
36,63617,424,8,3,0.65,76762,224267,0
28,80139,535,3,0,0.23,47940,276162,1
30,46905,461,10,0,0.47,51476,165349,1
63,84148,652,34,0,0.34,35202,180149,1
62,92603,367,39,5,0.39,9729,170644,0
18,118095,472,0,3,0.17,24938,47020,1
57,139779,560,35,0,0.29,76302,115005,1
61,62919,516,34,0,0.69,74920,62264,1
36,103521,423,3,2,0.72,26762,218393,0
29,112905,461,0,0,0.51,29724,49944,1
25,103400,500,0,0,0.42,91586,291858,1
25,108150,753,2,4,0.58,21653,54294,0
62,78446,701,36,3,0.51,14507,168783,1
29,72428,761,2,4,0.79,73914,267364,0
65,67894,574,34,5,0.19,43773,130303,1
50,101149,505,19,2,0.39,36205,21771,1
62,26447,339,28,4,0.74,12571,249279,0
43,25499,572,10,5,0.74,38320,212831,0
56,59041,392,35,1,0.42,49853,297573,1
45,51315,341,26,3,0.15,31190,6839,1
22,21299,764,0,0,0.66,90116,262186,1
25,140506,678,7,4,0.49,37522,203379,0
42,125005,406,22,4,0.63,72801,29940,0
44,24994,627,16,0,0.4,45489,95528,1
63,115414,364,30,0,0.2,73277,274820,1
40,101163,664,8,2,0.07,2837,88988,1
47,146759,783,21,4,0.47,54763,152972,0
62,27489,323,33,4,0.17,83945,71196,0
64,111647,839,40,1,0.19,57964,123104,1
40,52355,361,15,5,0.38,57398,70913,0
66,93805,790,40,1,0.38,83578,136231,1
64,88367,572,40,4,0.26,83597,228748,1
37,129906,528,12,1,0.15,95522,261382,1
35,137409,319,16,4,0.76,54198,17980,0
35,97355,302,17,3,0.15,86741,142348,1
19,136220,720,0,2,0.31,36143,23372,1
21,110349,606,0,1,0.28,50427,224769,1
47,107173,731,27,4,0.7,7859,13168,0
50,21996,435,24,1,0.36,46507,235241,1
53,139999,814,31,5,0.14,35356,292110,1
35,64387,492,12,2,0.06,87501,264929,1
54,134965,714,33,3,0.59,63570,112904,0
36,23089,417,2,0,0.59,13854,140987,0
64,118827,508,31,0,0.36,34013,175081,1
45,40659,333,12,1,0.14,32654,266496,1
57,65178,617,29,4,0.33,24054,110439,0
37,140053,419,18,5,0.49,74728,9047,0
66,115965,824,32,2,0.58,61254,283659,1
50,101268,388,18,3,0.11,68720,205287,1
29,105042,811,2,3,0.47,46206,158809,0
68,126471,346,40,3,0.26,37019,221068,1
32,90726,821,0,0,0.51,17281,148999,1
58,90111,583,36,2,0.54,6863,69565,1
56,126031,676,27,0,0.73,53203,281980,1
19,133682,433,0,1,0.36,76238,90641,1
46,54565,547,15,3,0.45,37539,181150,0
58,120435,617,25,2,0.25,80072,94080,1
27,109242,735,3,3,0.26,43088,193099,1
19,133204,475,0,0,0.08,63438,213325,1
68,149642,650,40,0,0.26,17077,169584,1
28,42884,442,2,0,0.1,26273,270406,1
30,37199,697,6,3,0.77,32052,278357,0
27,80038,668,8,2,0.52,68955,29129,0
31,77786,800,6,2,0.18,14518,246255,0
35,129636,669,7,1,0.14,8396,283668,1
68,124970,681,40,3,0.33,85548,285242,1
26,69294,385,0,1,0.28,41077,261174,0
56,98015,759,26,5,0.26,12981,195883,1
45,54178,624,23,1,0.4,99989,67903,1
20,32665,821,1,1,0.73,69292,74138,0
37,149604,788,9,1,0.48,65842,28059,1
23,20534,696,5,0,0.44,6023,177949,1
44,111828,654,14,5,0.65,92954,178854,0
19,56132,587,0,1,0.05,22219,164470,1
46,135720,758,15,2,0.2,84892,265541,1
55,56110,835,25,1,0.42,18094,146867,1
20,78754,590,0,0,0.58,38853,91723,0
33,83580,467,8,4,0.41,6646,82156,0
47,42469,727,23,5,0.17,55045,76512,0
57,84016,789,23,4,0.75,47925,34232,0
19,66233,654,0,4,0.3,44927,263106,0
34,122804,495,6,5,0.64,12991,110332,0
58,149863,844,40,3,0.72,19978,67630,1
29,86708,310,4,2,0.31,84012,116558,0
52,78232,555,34,0,0.68,36723,236000,1
60,113450,695,34,5,0.58,25787,227638,1
18,106437,708,0,4,0.73,92693,201211,0
62,126311,661,35,0,0.24,50092,68683,1
32,54409,558,4,0,0.75,45791,79081,0
43,135159,302,25,3,0.1,76171,143859,1
54,39324,383,29,4,0.65,15932,205553,0
38,28738,455,9,1,0.38,37911,144493,0
66,123030,475,40,0,0.18,10946,166668,1
48,130093,771,21,4,0.11,85899,191683,1
42,44054,723,21,0,0.34,15387,222849,1
40,49709,433,8,3,0.34,70141,250997,0
41,129321,679,18,3,0.22,50573,192959,1
55,105643,576,33,1,0.21,42405,279509,1
45,148805,535,23,3,0.35,10152,122469,1
38,20363,312,18,4,0.36,99434,175927,0
60,30358,641,40,5,0.38,36415,200209,1
35,121613,334,14,3,0.7,96879,114591,0
53,135233,513,27,5,0.51,32848,235428,0
52,23240,711,25,1,0.07,44394,71448,1
62,92201,704,30,2,0.44,70265,42213,1
26,65689,793,8,0,0.62,32455,277859,1
55,21936,458,27,0,0.09,96348,38059,1
47,132272,409,16,4,0.37,67560,192974,0
61,111074,848,34,1,0.39,92764,20223,1
51,63965,825,18,1,0.77,17921,261477,0
49,97534,646,24,1,0.41,33179,188799,1
20,20882,578,1,0,0.61,53235,16391,0
20,40224,778,0,3,0.28,33037,93512,0
45,125227,410,21,0,0.63,34275,25709,0
61,143750,730,29,0,0.29,37692,173728,1
32,139299,841,7,0,0.37,9872,16655,1
58,145865,414,27,3,0.41,52764,18111,0
40,132012,389,22,2,0.74,91871,266459,0
57,143745,511,27,4,0.09,87143,67275,1
28,50825,849,8,2,0.2,53299,69532,1
65,90740,838,40,2,0.58,35961,154850,1
49,48885,659,17,0,0.48,25466,113553,1
53,60056,785,32,2,0.24,16762,97704,1
50,23203,671,30,0,0.27,19930,262994,1
41,80241,514,20,0,0.33,55213,122608,1
56,22244,314,34,4,0.39,71191,262046,0
51,118322,558,24,1,0.66,51374,198732,1
45,135329,762,20,0,0.06,57902,43708,1
54,88619,419,25,2,0.72,71555,114444,1
24,41584,427,4,4,0.36,55875,115353,0
21,28521,822,0,5,0.22,40314,178506,0
54,70017,624,36,5,0.43,53175,293121,0
18,53541,619,0,5,0.54,86200,214831,0
18,49063,805,0,2,0.08,49978,84702,1
64,90268,825,35,1,0.59,59415,210944,1
37,145234,349,17,3,0.62,83460,162286,0
36,146218,368,6,1,0.17,47255,46108,1
46,138206,690,14,4,0.18,50662,167739,0
27,84952,682,0,1,0.2,89082,287775,1
35,113054,315,17,5,0.65,81366,94652,0
45,59563,738,22,1,0.25,79178,299565,1
52,59752,431,26,4,0.65,89622,27419,0
60,115233,547,33,4,0.46,50496,179385,0
64,22567,572,32,5,0.63,48791,72579,0
48,36121,648,22,2,0.47,96998,137774,0
44,21674,783,13,0,0.3,58235,48889,1
28,96411,849,0,3,0.73,40140,39155,0
66,129876,656,40,3,0.59,33076,132782,1
66,86275,617,40,5,0.41,45782,149454,1
55,87081,347,24,3,0.53,52632,34852,1
22,49140,309,0,1,0.51,23203,133329,0
25,145139,532,3,4,0.32,94392,118417,0
51,29327,335,29,4,0.37,46642,53843,0
65,90663,712,40,5,0.29,10486,299274,1
69,43331,761,40,4,0.8,61595,295412,0
29,43004,303,0,0,0.49,33158,119629,0
55,127369,343,21,4,0.12,15681,292970,0
18,139243,554,0,4,0.44,55790,299139,0
48,30492,413,30,1,0.09,56052,140534,1
21,74797,696,0,2,0.27,78237,39804,1
66,78095,473,40,3,0.38,16372,224397,0
62,33749,554,40,1,0.45,27611,159245,1
67,83217,765,40,1,0.78,6523,135090,1
22,109044,576,0,1,0.79,46793,260506,0
47,29045,763,29,3,0.12,21233,232343,0
41,40116,801,18,5,0.45,25955,64496,0
20,38667,740,0,1,0.66,70299,285476,0
28,95057,368,6,2,0.23,48524,84525,0
62,94205,808,31,5,0.61,43621,108482,0
21,47302,625,0,4,0.71,85978,157560,0
43,31283,366,24,2,0.55,92418,83483,1
44,50935,603,22,5,0.3,69001,227619,0
63,92534,783,40,4,0.74,70987,286376,0
60,114342,847,33,4,0.71,82597,122031,1
44,51624,716,18,1,0.59,1015,234081,0
59,33440,458,39,1,0.32,5410,58685,1
68,131001,448,36,3,0.64,19964,101521,0
67,66501,326,40,0,0.29,71671,21545,1
23,107333,547,0,2,0.24,74484,62847,0
32,21269,400,9,3,0.44,71325,280491,0
47,27868,395,13,3,0.8,9602,138706,0
59,50251,683,37,2,0.65,8232,261457,1
54,97909,581,22,5,0.6,58245,92686,0
54,104523,621,29,2,0.39,48950,22893,1
59,58729,695,37,4,0.28,71371,23703,1
54,35734,577,24,0,0.69,92602,27489,1
52,62429,828,34,5,0.48,29381,111975,0
40,61337,562,22,1,0.66,77305,259155,1
23,60325,592,0,0,0.42,57025,196258,0
21,103600,593,0,0,0.62,83192,217984,1
35,82514,694,4,1,0.7,54706,24733,0
26,28433,812,0,0,0.34,1819,81942,1
66,133957,479,32,5,0.06,36383,229775,1
46,29111,534,22,5,0.24,79684,166731,0
30,123986,636,6,5,0.74,72605,245982,0
64,83753,307,39,3,0.57,6640,220765,0
69,133783,742,39,3,0.6,60888,170078,1
34,100583,838,6,5,0.29,87810,191936,0
62,93620,390,36,1,0.58,63244,229132,1
49,41751,571,31,1,0.53,74237,267884,1
65,36453,304,40,2,0.18,85901,257230,1
39,105844,518,10,2,0.78,69575,276871,0
21,58968,417,2,5,0.32,55087,127179,0
22,50077,414,0,0,0.3,32915,201976,1
54,128582,562,20,0,0.33,44642,162605,1
58,54775,605,26,1,0.12,57611,239285,1
66,78144,721,40,0,0.52,47889,166480,1
30,68570,506,10,4,0.23,42215,108523,0
51,66097,602,26,3,0.65,3487,241980,0
62,44503,411,40,0,0.35,62045,80759,1
39,22779,716,7,0,0.39,93594,54061,1
40,106840,584,13,2,0.53,94644,162794,1
68,20755,484,39,4,0.62,75035,286352,0
20,59263,520,0,0,0.22,72667,91090,1
59,128491,743,29,3,0.77,60040,191133,1
51,75087,416,30,0,0.52,91520,287309,1
49,62281,369,19,1,0.05,62295,138051,1
62,71482,369,28,4,0.36,1825,31763,0
68,74857,726,40,0,0.38,2191,64750,1
66,142989,742,40,4,0.66,44094,211376,1
38,37400,436,4,0,0.28,64490,164127,0
63,60115,803,39,3,0.3,81243,78368,1
61,34249,430,28,3,0.1,55799,153711,1
38,133183,517,13,4,0.26,40553,197104,0
61,66825,470,32,5,0.59,95305,5299,0
28,130361,774,0,2,0.53,7813,124209,0
56,44600,428,28,2,0.11,27350,101190,1
21,57706,356,0,1,0.14,88561,149100,0
68,39222,480,38,5,0.33,29992,30437,1
18,119041,545,0,2,0.61,83453,9589,0
45,124504,443,27,4,0.67,89430,241008,0
41,61139,350,15,2,0.06,34975,290236,1
52,134919,667,33,1,0.3,25992,257933,1
30,136605,758,0,0,0.37,44736,148449,1
64,61302,517,34,2,0.73,2237,123847,0
51,114684,556,18,4,0.43,5943,210911,0
28,107838,455,9,4,0.25,54917,51635,0
53,88159,741,32,1,0.34,93055,105604,1
68,28646,324,39,1,0.38,93292,60402,1
34,33543,835,1,3,0.55,22220,225961,0
52,114496,359,25,3,0.08,48798,107295,1
35,148212,766,15,3,0.34,29694,107535,1
57,42785,733,36,0,0.53,29250,275456,1
39,98353,365,16,4,0.26,80478,89767,0
41,51406,405,19,3,0.49,34227,67263,0
36,108992,395,16,4,0.32,79305,169957,0
54,71428,850,27,1,0.62,83039,176701,1
56,43777,467,28,0,0.1,54920,161450,1
38,77939,341,7,1,0.74,11447,290537,0
25,73026,403,0,4,0.18,75045,143238,0
45,106450,503,24,5,0.17,23865,107677,0
22,49553,819,0,5,0.68,56450,296760,0
34,43548,581,0,3,0.7,17134,153884,0
54,83221,342,24,5,0.12,53378,130323,0
53,57265,409,26,1,0.73,17201,59026,1
36,145549,509,8,5,0.25,19936,258683,0
44,60701,348,21,2,0.51,79794,151101,1
51,71287,414,32,0,0.1,62752,280321,1
28,26727,454,10,4,0.34,66309,11688,0
62,130460,802,34,3,0.39,22762,153462,1
64,70717,370,31,1,0.5,4228,42879,1
29,52427,818,9,0,0.44,60405,37492,1
38,36692,635,16,3,0.4,69946,155743,1
28,51625,366,0,1,0.77,1408,131383,1
56,44918,792,24,5,0.19,48497,106165,0
45,126931,512,24,4,0.17,52419,32574,0
22,61136,480,1,2,0.59,59087,76261,0
34,134826,547,9,2,0.11,6773,232401,0
37,134881,513,13,5,0.41,53986,125283,0
58,72409,658,24,4,0.41,60175,167243,1
63,35577,548,31,0,0.28,75715,104789,1
29,105155,815,7,4,0.75,6617,168723,0
23,131776,387,0,5,0.26,69237,200839,0
34,119246,475,13,1,0.27,4907,189767,1
68,122924,725,34,0,0.23,14841,141293,1
36,146759,380,2,2,0.16,91866,128438,0
43,140408,437,12,5,0.32,50827,57900,0
65,101731,732,34,1,0.56,55079,96081,1
61,47689,769,27,5,0.61,79943,217735,0
61,31154,649,36,3,0.66,62467,141104,1
69,124657,425,40,3,0.2,49091,41777,1
49,114948,608,19,3,0.08,55501,216703,1
23,41341,529,0,2,0.78,62855,157779,0
53,117554,759,20,4,0.06,98735,127965,0
55,94681,644,32,0,0.77,92822,223435,1
28,127798,609,7,2,0.67,20859,166692,0
50,66330,319,30,1,0.73,73352,207915,0
41,138069,840,18,1,0.34,50693,132852,1
40,107759,776,19,3,0.2,17548,42069,1
32,88416,568,9,0,0.5,93367,250036,1
44,145067,302,22,3,0.61,83904,115549,0
28,106807,315,2,1,0.15,85581,125097,1
68,53313,657,40,1,0.65,34385,253968,1
67,66900,432,40,4,0.21,78641,64337,1
34,98840,611,1,4,0.42,25644,73976,0
68,54695,781,40,4,0.69,6639,6545,0
31,50225,843,0,3,0.2,96866,135867,0
44,106072,604,18,5,0.23,78152,181684,0
35,116367,568,9,0,0.1,21580,299941,1
45,69156,713,24,4,0.16,99304,244039,0
68,97209,324,40,2,0.16,27974,101480,1
64,107453,615,38,4,0.2,46373,216372,1
64,47829,575,32,3,0.26,97086,62872,1
21,100908,688,2,0,0.66,48612,70661,1
24,45938,743,0,4,0.74,25761,164504,0
62,79164,726,28,0,0.35,11701,177685,1
52,74530,356,33,2,0.15,21822,102651,1
65,140921,667,31,1,0.22,15970,132113,1
26,88199,641,0,0,0.6,87728,95061,1
25,80282,603,6,5,0.56,36847,182488,0
69,67801,673,40,4,0.78,24103,160938,1
62,29465,411,34,3,0.06,58479,81719,1
34,23326,305,7,5,0.61,95393,197057,0
34,23659,578,12,5,0.43,83847,147003,0
66,80289,681,33,3,0.73,61787,154149,1
50,47594,312,28,3,0.48,87979,240263,0
49,135819,602,20,3,0.39,17944,30895,1
25,24763,459,4,5,0.55,15974,204429,0
36,108657,453,13,0,0.68,47984,102272,1
55,30828,480,29,3,0.26,47893,85290,1
20,67588,825,0,1,0.13,27314,199920,1
22,31221,479,0,5,0.37,30852,86754,0
30,31211,676,0,5,0.21,5953,268539,0
64,33569,467,34,5,0.37,90818,188191,0
63,116894,513,39,2,0.79,77773,8961,1
48,57860,449,27,0,0.48,29448,40382,1
33,91558,315,5,0,0.57,32771,249429,1
67,65337,390,40,3,0.56,52550,285072,0
49,72311,419,26,5,0.67,56378,239601,0
39,33515,552,12,5,0.76,55895,279237,0
46,91695,359,22,3,0.54,59737,216310,0
39,142006,565,15,0,0.41,69124,181529,1
60,131527,708,39,3,0.29,61810,96892,1
20,126749,330,0,3,0.32,81351,144058,0
27,107227,320,3,3,0.3,72892,293870,0
59,44904,588,38,3,0.29,21069,249036,1
38,79935,842,8,3,0.57,15695,83196,0
33,63790,797,0,4,0.49,54461,189657,0
29,88580,773,5,4,0.2,21783,69619,0
19,95148,704,0,5,0.78,2403,244013,0
58,25636,847,37,5,0.37,29327,113464,1
41,97129,431,13,4,0.47,68821,29331,0
52,134483,623,32,0,0.58,9862,258079,1
47,22892,431,19,2,0.51,68264,139655,0
47,41672,820,27,0,0.28,12430,217864,1
64,25812,329,35,5,0.65,35017,12539,0
52,116621,600,34,4,0.13,34646,223918,1
36,148177,303,15,0,0.48,29922,144295,0
67,20654,624,36,2,0.25,12543,69590,1
25,74633,808,7,3,0.51,50649,278666,0
43,37143,536,12,1,0.21,93099,106872,1
66,75934,834,36,4,0.63,26553,33014,1
57,87334,315,27,4,0.22,49860,127894,0
24,123463,833,0,2,0.72,61388,49082,1
47,145851,745,13,3,0.7,61092,57945,0
24,49087,802,0,3,0.32,74114,78492,0
20,31618,529,0,1,0.34,22263,143457,1
18,28446,406,0,3,0.58,77204,58583,0
53,107182,688,32,2,0.12,83458,209386,1
42,122127,562,11,5,0.11,13232,113180,0
54,68867,364,24,3,0.15,10092,76882,0
18,71028,564,0,5,0.47,35234,119173,0
32,80101,637,9,5,0.16,41482,21448,0
54,47200,600,28,2,0.26,19117,255408,1
30,115107,677,1,4,0.54,34258,19715,0
57,108074,474,26,4,0.06,97726,240774,0
25,126091,451,0,4,0.19,60097,30897,0
22,81465,775,0,0,0.75,89631,107328,0
26,129500,565,3,4,0.55,19302,158770,0
18,106436,628,0,2,0.28,76762,46572,1
53,138422,462,33,1,0.08,41934,144915,1
52,144124,737,24,3,0.49,77439,298695,0
19,107892,642,0,4,0.22,88945,104691,0
57,108559,666,23,0,0.77,43446,32442,1
40,140044,764,20,5,0.57,81421,162768,0
26,59148,498,0,0,0.78,72635,92099,1
51,102928,799,27,2,0.69,27076,93399,1
63,40698,315,40,1,0.41,50349,9763,1
31,62470,595,12,4,0.55,47578,294915,0
21,112071,810,0,4,0.66,10726,141607,0
47,71660,538,21,0,0.48,51865,37519,1
48,73910,600,25,2,0.1,76076,148092,1
55,55450,305,29,0,0.4,9102,165817,1
28,76463,519,6,0,0.15,13754,298050,1
52,53757,752,33,1,0.59,37612,91786,1
25,98012,732,0,2,0.56,34363,16297,0
20,126750,685,0,1,0.79,74866,59183,0
31,147043,594,4,2,0.52,66777,199645,0
30,90247,417,9,4,0.65,19747,265520,0
62,92015,704,35,3,0.25,48770,217865,1
49,51390,311,24,5,0.31,50884,240374,0
51,76116,508,21,3,0.74,66670,245745,0
62,33161,464,38,2,0.62,94371,297230,0
36,52152,593,12,3,0.54,86681,225671,0
55,100171,818,34,0,0.24,36394,113818,1
33,126379,377,1,4,0.57,61484,88957,0
19,115833,733,0,5,0.72,44084,268387,0
57,40836,376,24,5,0.22,97655,192341,0
34,110367,347,11,5,0.58,32093,128412,0
51,86543,381,25,4,0.35,8179,57282,0
59,75648,508,39,3,0.14,35278,157935,1
33,46331,744,8,5,0.62,46813,299481,0
55,125992,821,31,5,0.18,85716,12974,1
19,30763,328,0,2,0.24,73443,145563,0
19,89444,603,0,0,0.64,64828,269448,0
43,113109,764,19,2,0.61,70942,278642,1
30,39187,801,3,3,0.24,96539,129581,0
64,31957,745,35,4,0.76,20748,139886,1
48,24379,789,28,4,0.21,89688,130710,1
51,47959,727,22,2,0.8,76127,97755,0
56,102018,658,24,1,0.6,10742,34925,1
20,143076,390,0,2,0.34,4411,197296,0
25,47105,352,0,1,0.15,83002,173878,1
40,20877,503,17,2,0.29,39464,18365,1
31,68353,455,4,1,0.2,30698,231934,0
44,103788,301,25,1,0.52,77011,39726,0
46,116870,656,16,5,0.32,32108,55448,0
56,104585,357,32,5,0.27,85360,276368,0
56,103308,553,31,1,0.62,72296,196021,1
18,71567,479,0,1,0.22,84702,176141,0
34,77913,792,6,0,0.49,48133,183115,1
58,22637,334,37,1,0.2,47662,229367,1
47,92778,374,13,5,0.59,63421,34526,0
30,62025,588,0,1,0.52,98427,286756,0
38,126917,670,10,4,0.65,26180,130245,1
36,121187,628,12,0,0.1,40194,171247,1
36,119508,603,6,1,0.21,82624,120623,1
42,102464,520,8,5,0.17,13525,247621,0
39,48742,463,9,5,0.19,41674,48927,0
48,31831,779,19,3,0.13,9922,27073,0
34,133768,754,10,5,0.47,63782,265493,0
40,135911,674,22,0,0.5,80818,91257,1
49,105092,519,31,5,0.68,35846,142644,0
27,110879,553,0,4,0.36,83897,15006,0
27,108370,487,0,2,0.45,96122,176325,1
53,146537,490,25,4,0.79,68173,221275,0
25,66762,688,0,4,0.45,14916,170487,0
69,124824,514,35,0,0.48,31926,52813,1
37,118958,674,16,0,0.8,43941,254212,1
49,108741,385,25,3,0.8,61294,131491,0
67,38830,773,40,5,0.37,20684,27013,1
31,75044,830,5,3,0.53,17966,8244,1
67,93948,346,37,0,0.41,91571,225179,1
45,89202,364,26,5,0.59,58479,238401,0
63,57045,774,40,0,0.75,76704,199512,1
69,106322,445,37,0,0.28,59321,82428,1
41,137257,681,7,2,0.66,75011,215485,0
32,91051,365,2,4,0.54,94009,25588,0
39,127509,816,15,3,0.26,36166,194759,1
47,46627,392,21,3,0.65,54264,196795,0
21,35198,725,0,1,0.37,4466,243378,0
30,89521,767,10,2,0.14,22902,159710,1
40,131439,393,8,0,0.8,60805,5785,0
25,126471,432,1,0,0.37,6363,22211,1
35,49475,733,17,2,0.46,60397,277361,1
29,125752,640,0,5,0.66,3134,183560,0
48,138998,613,15,3,0.77,66126,240632,0
31,39403,511,4,0,0.7,51791,16556,0
51,23681,819,33,1,0.44,42379,294058,1
35,111555,458,13,3,0.46,92938,161776,0
51,138884,567,31,4,0.26,94250,158538,1
28,113122,773,0,2,0.4,86609,209296,1
58,135260,709,25,3,0.76,81119,261676,1
29,62292,773,10,4,0.6,38723,43199,0
66,123057,655,34,1,0.06,42166,183264,1
32,125386,492,2,5,0.14,90292,270483,0
48,122306,570,18,2,0.74,86310,89709,1
66,25629,413,33,5,0.69,90170,103118,0
46,113246,822,21,0,0.41,97679,182027,1
43,115864,354,15,5,0.51,8249,97604,0
35,97814,364,10,0,0.27,97804,43316,1
49,28417,571,22,4,0.64,4796,61670,0
39,138888,801,21,3,0.5,19918,166713,1
55,54765,661,26,1,0.57,19564,66745,1
34,94499,445,8,4,0.33,97248,286190,0
40,134088,508,18,1,0.37,95322,152657,1
41,76574,585,15,5,0.21,81848,274231,0
67,122828,309,34,1,0.76,92509,116638,1
25,110545,485,0,5,0.76,79743,131041,0
58,148206,763,30,1,0.66,67982,45711,0
23,47675,433,2,2,0.75,67487,253786,0
22,145609,470,0,4,0.55,54173,106660,0
61,121711,512,31,2,0.23,68253,238349,1
46,92267,829,15,3,0.62,54394,214628,0
45,60563,801,26,3,0.29,12390,48543,1
28,31332,326,7,0,0.38,57627,32122,1
18,143745,367,0,0,0.26,87730,261635,1
60,39177,707,26,0,0.37,82013,254997,1
36,109254,408,3,3,0.56,84516,73659,0
26,88447,373,0,1,0.13,31950,56459,1
44,77104,561,15,5,0.13,73130,37036,1
51,104335,667,33,1,0.56,63963,60087,1
61,134938,536,29,4,0.63,45693,171950,0
21,100730,665,1,3,0.46,20600,189001,0
53,24951,585,30,5,0.19,75634,199941,1
35,126402,677,4,5,0.37,64086,148784,0
32,48333,675,9,5,0.62,78478,289447,0
68,41673,375,40,0,0.56,15012,51515,1
30,134421,308,7,5,0.13,31702,152076,0
36,60870,495,11,5,0.78,49176,242889,0
66,141945,589,34,3,0.22,11346,81025,1
23,147536,360,0,1,0.22,15428,87099,0
65,91101,688,32,1,0.39,6755,287493,1
29,42821,307,0,2,0.3,7283,195128,0
68,45494,668,40,2,0.79,50036,193444,1
54,119477,344,33,4,0.11,2337,229751,1
34,146083,643,7,3,0.28,60786,184877,0
40,94160,674,21,2,0.34,63968,151757,0
43,132698,326,22,2,0.42,21857,119742,0
46,131560,492,14,3,0.06,91472,293153,1
50,20835,656,29,1,0.11,28640,115138,1
44,145126,361,11,4,0.24,39435,123871,0
42,38646,361,10,4,0.47,17214,24678,0
27,143777,721,3,4,0.63,42532,41623,0
64,97360,850,32,2,0.56,27531,18369,1
40,57335,679,12,1,0.48,74549,229817,1
38,89351,576,13,4,0.35,36812,210977,0
38,134934,730,20,3,0.7,59928,47256,0
60,22429,414,40,4,0.39,71554,242425,1
30,61950,420,8,0,0.27,64883,96006,1
54,80654,824,25,1,0.52,85153,89419,1
50,127422,715,21,0,0.57,94404,97586,1
41,129934,462,15,1,0.35,53398,298551,1
61,139975,636,33,5,0.07,43774,124805,1
28,88143,678,0,3,0.12,32090,83074,0
34,111186,623,1,5,0.68,37809,52303,0
21,124234,472,0,2,0.09,68425,112665,1
64,117889,363,37,2,0.49,25060,231354,1
42,122326,400,10,5,0.19,11091,193089,0
47,97527,621,27,1,0.22,47283,48327,1
26,106704,365,4,4,0.26,20039,74830,0
38,51099,757,10,0,0.08,44289,88650,1
37,59385,752,15,3,0.18,4718,183318,1
36,55919,558,12,4,0.54,22919,65638,0
36,116952,725,13,2,0.42,43016,168247,0
29,80782,477,0,4,0.65,76234,199681,0
54,91116,579,35,5,0.1,35398,119952,1
59,92590,643,31,5,0.72,22444,63587,0
34,109626,316,12,0,0.8,83911,293200,0
54,60387,595,28,2,0.06,49051,13299,1
65,35823,501,40,1,0.78,7866,193295,1
56,66015,493,22,3,0.23,95080,143921,0
45,122877,448,20,5,0.57,71457,149843,0
58,35339,674,34,3,0.27,47113,296748,0
52,149949,334,30,2,0.44,42522,78495,1
64,23491,668,32,1,0.43,66143,8196,1
65,20706,328,38,5,0.32,33759,41899,0
35,117493,520,2,0,0.59,23665,202020,1
31,35728,352,5,3,0.5,91478,98270,0
52,26997,652,28,2,0.43,72785,81687,1
61,123537,691,33,3,0.79,67329,172687,1
58,80408,375,32,1,0.76,28679,291502,1
24,78097,793,0,0,0.77,54883,38849,1
58,149526,821,32,1,0.71,80529,67603,1
30,58523,416,10,5,0.24,92069,230451,0
35,141648,579,10,4,0.31,70131,124043,1
54,45163,474,21,1,0.22,49295,94582,1
30,37718,594,6,1,0.79,51006,275533,0
53,107508,750,29,3,0.16,48181,253386,1
48,103767,817,18,1,0.32,51721,177454,1
19,59619,320,0,2,0.2,3256,219112,0
33,32126,372,4,5,0.22,13101,82895,0
26,109131,335,1,3,0.24,47490,140599,0
26,84926,806,0,3,0.53,54255,115971,0
55,60633,532,22,4,0.11,95944,273837,1
28,97654,796,4,5,0.48,97482,37823,0
39,23317,505,18,2,0.66,37944,236639,0
50,64980,725,21,5,0.62,74497,193436,0
53,64115,343,19,1,0.16,16416,229882,1
62,81646,390,40,4,0.74,39022,257113,0
40,63158,769,6,2,0.63,9429,85586,0
62,75963,766,40,4,0.05,14783,285522,1
62,67631,753,39,5,0.6,61632,22218,1
51,69316,632,22,0,0.6,25290,255043,1
26,125364,806,0,5,0.42,63489,239646,0
41,79342,769,13,1,0.08,56153,85278,1
25,35504,320,0,4,0.48,35500,123997,0
24,88593,527,0,0,0.62,45021,178946,0
53,46660,675,22,1,0.25,95821,114097,1
35,57196,429,2,4,0.55,67722,86089,0
20,85938,713,0,4,0.32,57733,205744,0
45,28605,370,19,5,0.48,85145,152475,0
23,77388,703,0,4,0.34,10176,284560,0
61,101297,696,28,4,0.28,91909,46784,1
61,75501,636,35,3,0.69,98491,117251,1
38,73309,804,8,4,0.62,22557,221266,0
45,47043,575,23,5,0.31,95274,68376,0
57,53635,312,30,3,0.38,91655,278997,0
18,99315,302,0,3,0.57,56034,33369,0
53,100691,523,27,0,0.66,83439,183193,1
38,126514,474,7,1,0.56,11738,5747,0
60,53132,684,28,3,0.46,6041,179398,1
52,109387,540,22,2,0.77,51606,175844,1
30,35366,846,3,3,0.63,89790,205155,0
66,113944,313,35,2,0.14,57365,237391,1
27,92107,494,0,0,0.47,41527,191829,0
61,82580,696,38,2,0.36,10250,196094,1
64,135267,730,35,0,0.65,93348,79128,1
27,142362,605,0,0,0.08,26688,195834,1
63,77889,633,38,0,0.36,20790,298253,1
30,99553,709,0,2,0.29,1946,91352,1
54,59236,302,35,2,0.16,37798,31499,1
55,24150,751,31,0,0.33,74863,162016,1
41,131369,794,12,0,0.55,2136,179352,1
19,39423,716,0,1,0.32,32915,179719,1
39,24137,690,8,0,0.49,92474,290489,1
34,49992,672,8,4,0.49,67090,108837,0
53,130540,351,25,1,0.49,24421,194001,1
31,114438,675,0,1,0.45,79769,145785,1
27,135140,694,0,1,0.14,60916,239551,1
52,64921,441,24,4,0.21,31893,145085,0
42,141225,385,21,1,0.65,65124,124021,1
20,99369,763,0,1,0.43,37171,126321,1
64,86917,345,40,2,0.58,19638,8093,0
55,93690,537,28,5,0.48,67484,162953,0
34,54235,309,12,2,0.08,99238,241994,1
29,98975,829,9,0,0.65,42063,166839,1
69,39122,477,36,0,0.1,25193,105854,1
41,43956,305,16,3,0.76,73743,38993,0
46,83879,606,22,5,0.21,10238,32132,0
60,78560,847,29,4,0.43,8419,177685,1
42,141435,626,10,2,0.1,21410,241829,1
53,102800,655,19,0,0.72,6956,61552,1
43,130310,694,25,4,0.78,81161,211139,0
55,88685,599,32,1,0.16,24753,75092,1
18,44660,825,0,4,0.27,73858,138789,0
37,148029,584,8,2,0.06,69150,266669,1
45,126196,629,26,5,0.64,26539,106696,0
33,106064,349,11,3,0.28,69807,247862,0
64,134440,677,38,2,0.49,10029,189752,1
34,21168,837,3,5,0.08,57536,211408,0
57,65124,443,32,0,0.59,72214,251841,1
45,55897,359,26,0,0.45,86108,290546,1
29,35032,374,3,4,0.59,48989,256865,0
44,72797,302,20,2,0.64,95631,163296,1
59,55294,747,26,0,0.12,82107,199320,1
64,63827,574,40,1,0.48,44162,116749,1
47,23516,829,15,1,0.54,20718,280964,1
58,39751,514,36,3,0.44,82402,265034,0
51,50373,784,23,4,0.19,3198,250915,0
54,142026,628,23,0,0.65,10407,255056,1
23,50270,554,3,3,0.8,75608,219955,0
24,30386,686,0,1,0.78,83674,298351,0
49,121859,425,26,3,0.63,6217,207911,0
49,84817,849,29,3,0.36,97796,273286,1
42,85184,623,23,0,0.3,76947,270899,1
50,134316,503,20,0,0.1,34138,249805,1
24,99693,471,5,0,0.36,35500,264019,0
69,57879,516,37,4,0.17,6259,116929,0
29,125056,544,7,3,0.24,96120,175414,0
33,69597,635,1,3,0.72,80652,273265,0
33,59132,597,0,4,0.78,50953,164376,0
60,23626,481,40,1,0.76,23783,53294,1
53,105936,633,21,2,0.2,42949,69902,1
30,122179,810,10,1,0.73,22155,235718,0
24,123801,682,2,4,0.16,33389,244732,0
53,101515,498,25,3,0.43,57159,225671,1
64,97065,631,38,3,0.53,34183,258089,1
68,75390,464,40,0,0.4,32048,182089,1
26,36645,541,8,0,0.76,33121,87435,0
49,111960,526,18,3,0.3,28541,247893,0
28,74144,750,6,3,0.45,37105,222831,1
25,33382,495,0,5,0.11,22642,296690,0
50,24025,503,19,0,0.69,38825,93410,1
40,63226,757,7,0,0.36,59879,201531,1
42,99380,556,19,1,0.58,29920,270840,0
25,142971,828,0,3,0.56,56134,243843,0
62,138910,571,40,3,0.56,41761,57445,1
39,89711,308,13,4,0.43,52944,154085,0
21,116055,500,0,1,0.26,32027,127251,0
57,146189,358,35,2,0.52,97016,46126,0
20,94710,692,0,2,0.77,73922,38743,0
46,23443,418,13,2,0.68,22480,284387,0
58,41395,698,25,5,0.13,38624,287472,0
46,30725,630,13,0,0.07,70191,5209,1
51,53461,566,27,2,0.42,91404,14800,1
51,147000,819,33,4,0.63,50028,70749,0
45,61115,779,25,0,0.29,97665,295151,1
30,130084,433,5,0,0.58,54445,164447,0
32,116887,654,14,2,0.75,82999,133396,0
40,103732,797,16,0,0.39,96616,126964,1
61,132145,406,37,1,0.23,46192,192224,1
43,99790,589,18,1,0.74,70844,228019,0
21,99557,446,0,2,0.4,19246,55012,0
43,131672,626,15,4,0.36,34386,222039,0
57,91260,714,25,0,0.32,51111,219625,1
26,48690,509,0,3,0.37,78006,102489,0
22,21407,595,0,2,0.56,49260,215463,0
49,93568,697,21,5,0.38,41882,264297,0
37,78560,402,14,0,0.29,60557,31326,1
67,67340,807,40,2,0.61,61918,205883,1
28,37794,508,9,2,0.2,13188,58537,1
32,39881,727,11,4,0.2,11669,62829,0
49,106292,692,31,3,0.57,12443,14552,0
45,125698,408,17,0,0.7,20629,20485,1
39,114952,647,19,2,0.23,27954,182185,1
58,69703,349,33,2,0.19,8235,143677,1
34,64354,404,12,0,0.55,76450,104603,1
43,111288,719,21,2,0.52,51313,86389,1
61,98462,672,33,2,0.39,43849,160829,1
24,139020,326,0,2,0.12,52192,49865,1
59,119301,572,33,1,0.12,95083,67811,1
43,138764,639,13,1,0.63,12593,13337,1
42,34390,600,22,3,0.39,41928,239539,1
27,124403,779,0,4,0.69,28885,82670,0
62,107475,843,34,0,0.48,55801,238970,1
36,47307,564,8,4,0.51,10291,218794,0
28,116364,841,4,4,0.75,45978,58102,0
30,114049,465,0,1,0.17,57470,284846,1
25,138740,615,0,3,0.46,65107,21359,0
57,139991,300,26,4,0.09,70668,299658,0
21,44502,560,3,4,0.32,98219,239002,0
64,115599,362,36,2,0.16,1844,28953,1
48,42486,782,18,0,0.19,55929,197477,1
45,131813,620,27,3,0.75,32869,209006,1
28,58258,500,9,0,0.51,98052,43226,1
60,77716,521,34,1,0.72,35411,7052,1
18,117228,451,0,4,0.38,60677,267929,0
66,123920,761,40,4,0.5,35031,241355,1
64,101494,516,38,5,0.07,36702,203243,1
69,120552,495,39,0,0.4,23523,150344,1
55,102768,501,33,1,0.47,99519,277635,1
41,30748,533,9,5,0.06,5776,77981,0
64,82785,440,40,5,0.64,62001,134672,0
48,96050,797,17,2,0.27,19724,244578,1
58,42738,356,25,5,0.39,57858,138485,1
63,94231,803,40,5,0.45,15100,76871,1
67,93606,441,40,2,0.79,43467,54795,1
43,113301,838,10,4,0.12,52242,200879,1
66,61662,405,40,4,0.47,61722,126999,0
67,138313,464,40,3,0.45,80468,69394,0
22,116297,514,0,5,0.1,22718,97890,0
37,102234,370,14,0,0.53,47014,75343,0
69,35123,389,40,4,0.27,20640,142596,0
58,120680,527,38,1,0.13,61312,20265,1
28,45616,378,7,0,0.18,20560,211272,1
50,122682,648,32,3,0.67,7380,34830,1
67,31182,545,40,5,0.13,48756,84138,1
55,110369,571,25,2,0.4,95365,289421,1
44,118878,702,18,3,0.2,30579,94261,1
51,82013,415,22,0,0.17,96736,101714,1
32,51331,734,5,2,0.2,86265,176637,1
49,66098,829,22,1,0.42,29537,238812,1
38,46128,741,9,2,0.23,90661,259072,0
63,51556,471,30,2,0.12,6655,58822,1
22,147398,315,0,1,0.65,60451,6920,0
23,107505,355,0,4,0.45,68984,145948,0
55,41876,402,23,4,0.17,80721,276304,0
39,28949,583,13,2,0.4,18211,36706,0
35,71962,816,16,2,0.1,23280,205416,1
31,110054,577,2,3,0.49,34971,173578,0
27,143984,568,7,4,0.31,7798,27879,0
63,91206,699,39,1,0.13,18228,265627,1
30,44099,802,4,5,0.19,36739,251864,0
48,124871,385,23,5,0.31,49720,156845,0
47,32716,619,24,2,0.65,95845,8884,0
20,72611,331,2,2,0.18,71280,104036,0
47,58885,635,16,5,0.13,41503,219573,0
23,73144,350,0,3,0.44,15548,36803,0
46,85220,378,13,3,0.47,70066,156135,0
25,27837,473,4,3,0.12,38853,287380,1
61,69355,800,38,0,0.26,75531,218315,1
62,67299,375,30,1,0.25,25703,75717,1
60,39159,615,35,0,0.19,26527,233170,1
61,145212,672,40,2,0.29,97966,23484,1
50,136680,380,20,3,0.08,66555,230681,0
34,136931,370,4,3,0.54,61982,280424,0
65,126802,370,34,5,0.79,51933,265964,0
28,136375,345,0,5,0.53,62178,7754,0
30,122413,346,6,3,0.32,61475,48386,0
67,71012,721,40,4,0.55,46730,36365,1
28,79305,448,0,5,0.48,24241,165676,0
48,107096,429,17,1,0.69,73832,6803,0
45,37106,755,18,0,0.52,82869,129907,1
61,78123,804,38,1,0.53,42516,144344,1
23,131825,543,2,5,0.22,19628,233058,0
58,28720,773,30,3,0.36,20367,110210,1
33,57661,681,3,2,0.31,12755,294261,0
21,135031,402,0,4,0.06,54751,223347,0
52,113898,788,25,5,0.28,88286,180771,0
65,113794,336,37,1,0.41,14025,204596,1
43,107318,848,23,2,0.5,5887,274348,1
29,126704,819,0,5,0.75,61675,67519,0
28,41120,632,3,3,0.23,80194,55386,0
54,39790,696,36,3,0.16,50348,234123,1
42,78655,595,17,3,0.7,71762,21486,0
35,79643,406,15,3,0.76,70524,150846,0
36,113448,829,18,5,0.42,55884,108216,0
40,67374,382,7,4,0.14,22663,202354,0
55,62907,587,29,4,0.41,85389,8691,1
35,70071,760,1,1,0.13,19014,49445,1
43,140507,514,10,5,0.71,15239,161895,0
23,54812,580,0,3,0.58,37046,106368,0
21,69570,758,0,4,0.23,19422,203327,0
61,70901,643,28,5,0.72,22816,187426,0
68,80186,493,40,2,0.53,28055,179568,1
46,142066,457,19,4,0.76,55173,281217,0
51,148364,764,20,4,0.79,7470,201258,1
34,70251,403,6,1,0.05,89997,143256,1
60,85171,333,40,4,0.14,46534,196901,1
60,56160,401,31,2,0.46,71297,268933,1
33,39156,624,3,3,0.77,22603,297497,0
19,96208,440,0,0,0.8,61522,293484,0
51,99980,773,22,1,0.48,57153,52343,1
25,92320,330,0,2,0.18,22996,164005,0
30,37929,362,5,1,0.17,40978,232673,1
59,86606,386,26,5,0.62,99878,165330,0
25,108442,603,5,3,0.49,76449,130877,0
47,120154,360,17,4,0.46,42978,191827,0
49,82559,695,20,5,0.4,41564,183074,0
53,74205,633,34,4,0.59,30999,293506,0
64,130694,710,40,2,0.69,32748,274396,1
47,88475,583,22,3,0.28,62402,126918,0
18,84341,765,0,0,0.22,33331,201707,1
60,115377,379,35,0,0.55,45380,205513,1
56,62863,376,22,4,0.74,58743,20090,0
34,101837,839,8,5,0.31,54842,40110,0
37,85439,660,14,3,0.25,65618,78627,1
41,27194,376,9,3,0.22,91228,272168,0
67,91387,808,37,2,0.24,8986,278585,1
39,141361,463,10,5,0.15,79682,248131,0
46,101914,308,16,0,0.5,43810,178383,1
39,86214,474,15,2,0.26,87888,121053,1
61,116176,761,30,1,0.51,61044,81890,1
26,119292,606,0,3,0.11,77509,167458,0
54,49777,544,23,0,0.14,53633,276846,1
27,145355,421,0,2,0.45,19501,231138,0
53,46183,484,34,4,0.43,21866,109711,0
54,47445,331,21,1,0.25,19390,116895,1
45,87038,609,18,2,0.67,42256,294906,0
45,136477,671,20,4,0.19,40528,139311,1
59,107201,355,37,0,0.32,28712,252029,1
60,36198,572,36,0,0.47,6694,17567,1
38,41411,763,8,1,0.7,56214,90737,0
41,70577,755,8,4,0.36,85999,11857,0
59,35867,548,37,3,0.35,22662,63086,1
57,82501,377,24,0,0.48,1010,299414,1
19,34266,833,0,5,0.29,38648,125071,0
25,59422,407,0,3,0.58,28515,7012,0
65,55208,572,36,3,0.24,77382,64049,1
44,128538,314,19,2,0.67,48258,227630,1
39,141544,669,9,2,0.25,61530,89989,1
54,51213,603,32,0,0.79,29026,44080,0
44,27367,504,13,3,0.29,17982,239027,0
46,144158,412,13,2,0.71,18207,70888,0
20,99026,552,0,4,0.35,58028,233800,0
61,55362,740,32,4,0.23,38985,121293,1
30,139377,485,0,4,0.22,40854,266185,0
62,71588,526,33,4,0.69,78842,139078,0
27,58285,827,1,3,0.28,66848,137076,1
53,146683,653,35,4,0.3,73207,142039,0
26,145085,300,6,3,0.2,24084,208036,0
44,94755,719,15,0,0.77,36260,23879,1
51,91846,460,21,0,0.23,43905,7261,1
68,56307,460,40,4,0.24,17614,203345,1
18,115167,427,0,4,0.76,53892,299467,0
49,100280,450,22,4,0.73,11864,275071,0
42,39867,743,9,0,0.24,49114,87256,1
46,76523,770,28,2,0.7,16224,126686,1
24,104161,762,0,0,0.24,48462,194719,1
66,26378,329,40,4,0.11,1043,18056,1
20,104685,772,0,2,0.67,41300,15798,0
37,127669,379,18,2,0.63,25476,195130,0
37,96958,338,10,1,0.27,28500,56747,1
47,47926,539,26,3,0.12,94805,40738,1
52,123215,636,34,4,0.2,57430,237645,1
52,118707,579,20,3,0.63,20841,196017,0
66,33180,415,39,1,0.77,61293,284371,1
56,112837,568,23,3,0.24,39152,170465,1
44,138070,634,14,4,0.66,97467,88800,0
43,56931,611,11,1,0.22,6615,131531,1
31,44014,352,12,3,0.56,94497,62848,0
34,134775,367,13,0,0.11,99049,29685,1
35,116472,333,17,2,0.49,88426,96517,0
62,99872,685,38,1,0.25,27870,124180,1
69,78502,548,40,0,0.74,53790,270624,1
46,107736,410,19,4,0.27,46876,242918,0
37,25470,393,19,2,0.35,45327,20860,1
44,116395,709,16,1,0.68,44302,73578,0
35,34953,478,8,2,0.38,91282,253596,0
21,124580,346,0,5,0.23,30836,11564,0
18,58507,675,0,5,0.46,10831,287156,0
67,138961,501,40,1,0.68,34384,59169,1
18,112969,744,0,1,0.37,99543,230488,1
43,111493,596,22,3,0.15,40222,293485,0
62,26523,607,40,2,0.34,95605,60155,1
37,106923,792,13,5,0.77,43816,103314,0
69,77190,637,38,5,0.1,42882,217219,1
40,67761,365,16,2,0.36,55039,34527,0
27,51169,721,0,5,0.54,64346,261253,0
28,65641,839,8,0,0.11,52056,244157,1
58,42990,792,26,5,0.31,18196,55653,0
58,49661,616,36,5,0.76,5999,160776,0
22,33419,374,0,4,0.07,25026,254955,0
18,34457,358,0,0,0.61,2730,108992,0
34,87600,685,13,3,0.68,59175,274537,0
39,123619,314,15,1,0.26,69960,80404,1
51,96102,530,27,5,0.21,63834,247812,0
62,53085,498,31,3,0.74,39830,89613,0
58,117064,653,33,3,0.62,96252,64171,1
46,70654,334,17,0,0.14,97762,296480,1
21,26130,461,0,1,0.21,68743,194786,1
22,125723,770,0,4,0.52,79567,279158,0
28,22042,830,2,3,0.36,29008,221578,1
68,90134,722,40,4,0.43,96020,158371,1
38,62982,647,16,1,0.76,69904,131092,0
52,118422,446,34,1,0.37,88391,295926,1
29,85185,673,11,0,0.71,68763,115463,1
43,53477,715,9,2,0.55,49522,93434,0
68,134161,793,40,5,0.14,66124,159896,0
36,72709,555,7,0,0.61,31322,281254,1
62,48716,402,40,4,0.44,13817,183779,0
24,98137,420,1,0,0.22,47474,93512,1
64,56018,718,36,1,0.27,48130,272969,1
24,28061,649,0,3,0.47,14226,139560,0
43,28609,341,15,5,0.5,32157,71947,0
57,55371,666,32,5,0.78,87300,141529,0
22,130350,328,0,2,0.69,84740,213182,0
38,103021,313,19,1,0.2,1188,244511,0
31,40805,784,0,5,0.63,96933,254759,0
21,27857,488,0,5,0.06,10414,98230,0
40,31620,594,6,3,0.15,7746,13847,1
59,28177,482,31,4,0.2,15331,224284,1
37,50111,847,18,4,0.5,77790,177381,1
32,140770,336,10,4,0.2,76753,281802,0
67,108578,313,34,0,0.32,82119,225000,1
69,104181,458,36,4,0.23,38380,34676,1
62,109941,793,40,4,0.3,35318,5645,1
46,147049,628,13,0,0.76,16800,102476,1
25,31826,382,3,3,0.8,96748,160062,0
58,33890,321,33,1,0.56,28492,23618,1
65,102428,431,34,5,0.48,99128,66859,0
36,137067,764,9,2,0.58,6233,212572,0
65,146044,755,40,5,0.63,23019,63827,1
56,78031,601,36,4,0.6,12447,130114,0
63,139440,566,40,4,0.11,80572,101726,1
45,132134,694,19,5,0.28,11998,133077,0
63,95020,419,40,5,0.31,33801,260935,1
44,25495,545,20,4,0.33,25871,67397,0
21,48481,337,0,0,0.31,28076,60770,1
32,31267,544,1,0,0.64,94688,250224,1
52,137897,320,30,0,0.61,2429,36545,1
54,125702,409,29,2,0.05,11381,275849,1
18,26743,693,0,1,0.27,2987,259285,1
20,74800,709,0,4,0.52,95855,277848,0
64,123475,307,30,3,0.14,89191,33671,1
41,68773,743,15,5,0.1,20266,288347,0
44,77042,627,14,5,0.67,60053,86927,0
57,69476,589,24,4,0.39,78425,279595,0
53,147967,810,26,4,0.69,49477,160588,0
51,112105,660,24,4,0.67,2547,125102,0
46,48552,518,25,5,0.72,50614,101613,0
41,85242,705,12,4,0.09,56859,80856,0
41,65772,519,16,5,0.19,55457,265869,0
59,63730,406,27,1,0.27,99817,182048,1
21,48948,585,0,3,0.15,80086,92656,0
20,96311,307,0,0,0.41,6174,39612,0
51,89093,488,26,3,0.65,21187,167862,0
66,89123,380,40,4,0.76,62031,155521,0
40,36535,407,6,3,0.72,4938,210902,0
69,86490,620,40,4,0.39,61833,168328,0
40,66562,645,11,3,0.53,2471,274334,0
62,139042,627,30,2,0.22,58155,181565,1
22,145251,601,1,3,0.35,17721,147633,0
48,109080,499,25,0,0.7,73587,296761,1
58,147844,718,25,0,0.07,65305,149643,1
23,78535,338,1,3,0.45,8444,267153,0
54,118991,606,24,5,0.7,94193,119291,0
27,61269,303,0,5,0.14,96335,246821,0
57,100674,376,23,5,0.79,68928,85739,0
24,62462,767,2,3,0.06,16729,179863,1
56,23127,478,32,5,0.71,34744,264229,0
55,43147,575,35,1,0.32,55130,257223,1
38,65528,451,8,3,0.15,96245,262899,1
37,97095,463,6,0,0.17,37836,206929,1
20,133100,589,0,5,0.58,76431,53847,0
68,88931,677,38,2,0.7,18255,100491,1
39,110925,609,20,5,0.53,69945,170296,0
64,86381,688,33,0,0.75,13744,103347,1
21,119468,482,0,1,0.68,68085,45094,0
45,131258,605,23,3,0.06,81621,132791,1
29,83749,371,0,5,0.55,45467,230377,0
55,58672,518,29,2,0.28,21845,131489,1
68,33731,472,40,0,0.39,81272,98893,1
53,144647,571,29,2,0.12,36389,45544,1
64,74512,767,33,4,0.26,3529,255330,1
58,118658,568,27,0,0.52,44117,260367,1
22,71024,319,3,4,0.21,57314,78736,0
30,136712,802,0,2,0.54,27932,76168,0
40,121121,446,19,3,0.74,9351,39630,0
67,23832,728,37,3,0.05,77536,186457,1
47,52332,464,27,3,0.64,43959,221117,0
54,32467,609,32,4,0.53,23949,271855,0
42,61025,817,24,3,0.08,28569,166943,1
65,33107,313,39,1,0.64,57108,269601,1
44,148347,431,19,0,0.22,20318,258961,1
68,97994,738,40,0,0.25,19695,44467,1
31,114202,562,12,2,0.12,81704,12157,1
65,63481,524,40,5,0.45,38096,7714,0
64,22581,557,35,4,0.42,87248,294361,0
53,95118,533,23,0,0.31,86036,85792,1
56,144010,635,29,4,0.18,4747,276727,1
33,71638,708,0,2,0.68,65400,82807,0
39,143714,323,11,3,0.71,89744,144085,0
38,28418,570,16,5,0.46,5430,258715,0
38,113627,394,12,2,0.23,85371,165612,0
25,49113,441,0,1,0.12,29927,248229,1
66,104363,380,38,3,0.7,61411,74459,0
33,143607,573,12,3,0.12,9963,298702,0
48,83044,575,20,3,0.06,87961,113350,1
59,99955,764,33,2,0.4,84031,224076,1
27,81030,507,3,1,0.6,45271,205398,0
49,31814,595,16,5,0.39,79134,114528,0
51,119340,338,29,4,0.09,10786,227028,1
26,30024,587,3,2,0.57,77457,233823,0
34,83288,423,16,0,0.53,43241,68566,1
28,129236,582,0,0,0.56,96789,202881,1
49,77836,479,19,2,0.21,86505,263386,0
27,27435,396,9,4,0.65,90521,162752,0
39,87084,490,12,0,0.41,48232,114463,1
34,144023,373,10,4,0.45,12020,279578,0
21,90601,746,0,3,0.46,36141,198257,0
65,108416,796,35,2,0.27,30461,51096,1
69,140871,783,36,3,0.24,15352,176651,1
64,138645,415,33,0,0.05,56994,277631,1
42,23407,834,14,4,0.35,16344,230993,0
38,118943,397,19,3,0.41,55250,196700,0
54,52940,627,29,0,0.61,79661,101925,1
55,25666,706,25,1,0.1,20202,118500,1
66,57122,612,40,3,0.74,43232,219602,0
18,138647,447,0,1,0.25,67245,14610,0
42,45092,641,17,1,0.33,7992,18869,1
68,149753,794,35,5,0.09,27354,221474,1
53,143402,322,32,0,0.54,79769,93466,1
34,95645,404,5,2,0.58,5590,245475,0
58,121190,521,25,4,0.75,95242,210179,0
41,120468,314,7,0,0.3,14718,27979,1
19,149207,377,0,5,0.24,89007,16492,0
57,46505,621,31,5,0.59,14105,231898,0
32,56713,540,10,3,0.58,6081,117784,0
49,74387,317,15,4,0.75,93254,99257,0
56,63169,753,22,5,0.2,60967,233451,0
23,93282,742,4,2,0.58,21384,290553,1
18,97511,576,0,0,0.1,71081,208641,1
64,71742,723,40,2,0.41,6339,160149,1
40,60522,775,19,3,0.14,16353,65428,1
56,101132,326,26,0,0.54,60487,31455,1
34,139622,813,6,3,0.5,27376,81699,0
51,138764,763,31,4,0.09,94564,58213,1
58,123489,662,39,4,0.29,85636,120883,1
46,119397,682,13,2,0.35,5302,180934,0
26,23880,824,6,2,0.24,2809,256238,0
30,63454,681,0,4,0.08,95453,298993,0
23,75711,483,0,1,0.29,6830,298937,1
23,63539,493,0,4,0.64,19381,90240,0
37,128984,761,13,0,0.32,49637,89377,1
69,88321,355,36,3,0.29,68666,229646,1
20,107985,529,0,4,0.76,5412,270594,0
34,34799,788,15,4,0.08,77420,13418,1
66,134584,327,40,5,0.63,61520,39575,0
29,124843,483,0,3,0.41,56665,246876,0
65,80102,724,32,5,0.76,90668,135576,0
64,70726,674,40,3,0.35,47775,38186,1
62,68784,340,40,0,0.58,48733,250498,1
18,140364,783,0,3,0.1,23707,31451,1
34,133034,559,1,2,0.75,31478,8155,0
20,63333,740,0,4,0.31,7745,296592,0
43,60828,383,17,3,0.44,38970,133529,0
32,89526,345,7,0,0.15,12882,221810,1
53,74362,739,31,3,0.76,78300,50231,1
49,73997,818,15,4,0.55,91101,40399,0
49,143973,737,27,1,0.09,70979,260297,1
21,70341,435,0,3,0.17,14583,206238,0
35,39073,482,11,2,0.35,42290,239889,0
66,122399,471,40,4,0.21,54857,211463,1
36,34549,838,2,0,0.28,76672,226268,1
60,103795,419,40,4,0.8,87759,139884,0
69,76920,580,40,5,0.54,21342,291122,0
52,105326,607,22,1,0.74,54816,16531,1
57,95515,576,24,0,0.38,76412,295927,1
31,149392,829,4,1,0.58,59314,196091,1
50,40316,594,30,1,0.39,1746,280380,1
31,46183,352,2,2,0.3,25330,98806,1
51,113860,731,18,3,0.44,80588,161388,1
21,44624,351,0,2,0.37,43344,18332,0
41,82515,371,17,2,0.79,99112,211511,0
46,123712,327,21,5,0.42,29606,185279,0
36,105781,768,2,2,0.66,97537,194222,0
23,66705,846,0,0,0.55,55473,253816,1
50,109326,700,32,3,0.41,10210,58902,1
66,46756,500,40,3,0.41,81615,276342,1
57,80390,765,30,0,0.31,28154,111209,1
36,88369,678,7,2,0.13,29687,233162,1
18,90821,476,0,2,0.62,73684,197349,0
22,29589,351,1,1,0.74,79391,114660,0
44,133012,378,23,1,0.21,95052,192776,1
33,34116,684,7,5,0.74,16473,298629,0
23,93181,307,0,4,0.22,52176,59351,0
57,64786,513,25,1,0.45,65579,31654,1
30,114686,324,6,3,0.31,31285,169217,0
65,143711,749,36,0,0.14,89093,56529,1
52,96425,756,32,2,0.09,43502,109349,1
36,50286,760,10,4,0.32,15219,182450,1
29,123081,497,0,1,0.09,52863,283809,0
33,35994,393,3,4,0.13,45006,214534,0
60,121039,736,31,0,0.16,57170,220911,1
27,131915,826,9,0,0.05,59798,52802,1
42,142961,677,9,4,0.16,40965,82892,0
37,110198,403,8,4,0.48,35470,41362,0
48,124672,338,21,5,0.66,65147,183198,0
21,46639,757,2,4,0.2,40984,98004,1
61,37205,663,31,2,0.11,46380,230702,1
40,76677,434,17,3,0.6,72860,7120,0
19,52930,673,0,1,0.06,86793,267929,1
39,93313,531,18,1,0.6,74849,61925,1
68,113851,338,40,1,0.15,48227,113185,1
54,133153,346,26,4,0.22,92588,297113,1
25,112509,335,0,4,0.14,25603,106416,0
24,38316,394,5,5,0.24,88298,283441,0
31,47304,660,12,4,0.65,19508,257458,0
20,121839,824,0,5,0.15,83351,110741,0
67,116058,445,40,5,0.8,5974,145601,0
33,107876,667,12,2,0.3,21161,158085,1
36,105366,364,13,2,0.74,30730,35089,0
68,33403,527,37,2,0.19,79259,273315,1
35,100052,819,3,2,0.19,82009,177301,1
69,137478,480,40,0,0.47,2085,285018,1
33,104627,800,9,2,0.09,89115,174881,1
25,93495,454,6,2,0.65,89179,64024,0
50,51932,834,18,2,0.38,93206,288297,1
66,116090,734,40,5,0.57,19869,109693,0
29,56701,398,0,1,0.18,16771,164501,1
28,23385,671,0,1,0.53,42060,178473,0
22,141324,661,0,1,0.5,76882,251119,0
44,119226,411,12,3,0.62,22462,9677,0
29,77241,752,7,0,0.27,20432,10139,1
34,30367,468,10,5,0.75,14174,160768,0
23,85030,438,0,4,0.77,83719,187444,0
50,66505,530,19,5,0.7,30697,91049,0
22,144462,538,1,2,0.48,53974,81693,0
45,53332,552,14,1,0.37,6611,134807,1
31,105178,735,4,5,0.09,23393,247631,0
22,96325,721,0,0,0.76,92407,262681,1
50,55268,602,22,2,0.76,6263,8900,1
67,106486,371,36,3,0.06,22954,210070,1
65,45563,562,34,4,0.32,12996,296278,0
58,125185,521,39,2,0.71,11805,218514,1
36,56404,376,6,4,0.11,75643,269961,0
39,75182,361,19,5,0.2,77003,75486,0
22,52991,770,1,2,0.78,22024,171679,0
19,124601,456,0,3,0.69,42607,248709,0
47,67663,424,26,5,0.73,85215,70978,0
64,85886,460,32,0,0.16,78806,158850,1
56,142002,840,38,4,0.21,84351,14413,1
21,103848,834,0,4,0.5,88092,119113,0
50,44127,405,18,0,0.43,80423,297043,0
30,77692,430,0,4,0.27,90461,117683,0
37,114389,656,19,5,0.71,13324,50463,0
24,57500,301,0,1,0.73,1723,268038,0
32,53785,532,10,0,0.27,59323,115398,1
40,104146,668,18,3,0.17,74811,171093,1
31,109126,550,7,2,0.16,14405,231544,0
40,114979,407,10,2,0.41,2365,232368,0
36,67997,575,7,0,0.15,58893,134611,1
46,27170,479,25,1,0.41,47427,230374,1
37,33303,592,16,5,0.4,28338,222627,0
46,91743,474,23,3,0.71,70389,265154,0
41,97852,422,9,2,0.27,5682,241373,0
35,55187,526,12,2,0.47,72496,48520,1
27,85034,743,0,5,0.61,25727,243613,0
58,91776,727,27,1,0.5,25073,34899,1
25,21893,382,0,4,0.77,88077,183874,0
43,33753,364,11,0,0.5,20882,237310,1
46,58090,580,21,1,0.73,49232,83107,1
27,84922,690,1,1,0.23,60556,35193,1
34,96768,727,12,1,0.47,53137,216994,1
19,79412,406,0,1,0.46,46054,110302,1
23,142406,847,0,4,0.79,68103,281608,0
22,76030,561,2,5,0.2,25787,222594,0
45,37509,458,23,3,0.16,89589,254706,1
58,88653,564,40,1,0.51,63181,222665,1
22,56929,767,0,1,0.22,27755,81248,0
35,149626,501,17,0,0.53,94335,267811,1
43,68291,454,19,2,0.78,37959,152397,0
37,24042,312,5,4,0.76,76254,20890,0
58,82574,596,24,1,0.22,90076,162555,1
66,57201,797,40,3,0.18,91633,228551,1
44,112282,544,25,3,0.47,89437,228289,1
66,34016,599,36,3,0.49,95058,258006,1
29,45022,661,0,0,0.55,38903,149097,1
24,120962,653,2,3,0.61,60046,125580,0
20,47938,820,0,5,0.5,40519,34940,0
27,63678,685,4,0,0.13,12672,126878,1
51,138171,611,19,4,0.64,8174,124492,0
42,149638,713,14,3,0.11,19103,224371,1
52,121248,577,31,2,0.06,9061,291845,1
33,81720,655,15,1,0.63,86934,87697,0
19,125514,824,0,4,0.46,99162,46795,0
41,76805,315,12,5,0.57,14265,265235,0
27,94323,344,1,2,0.34,40040,95990,0
55,21986,620,27,4,0.06,96008,238865,1
39,96478,625,17,5,0.3,18993,280259,0
43,102994,447,19,3,0.51,59219,61433,0
60,32161,654,35,4,0.22,73250,51999,1
56,40689,535,38,4,0.57,96303,79564,0
44,147101,404,26,4,0.65,38877,238617,0
46,114699,773,26,0,0.39,85368,258090,1
64,80924,695,39,2,0.71,79285,243302,0
55,121311,745,27,5,0.69,82424,290399,0
37,119273,519,19,3,0.71,17020,267122,0
44,94308,741,13,1,0.55,35821,84747,0
58,121128,327,40,3,0.28,74299,82049,1
37,83745,774,14,3,0.41,47000,71057,1
61,146881,604,38,0,0.58,33851,259569,1
36,21211,704,16,0,0.21,17025,293437,1
37,20229,812,10,4,0.6,92551,35607,0
52,138972,801,23,3,0.46,16431,112148,1
64,68542,647,37,2,0.12,85588,154735,1
19,34345,539,0,0,0.47,44179,47582,0
47,121489,636,17,5,0.1,42658,170521,0
51,51819,325,18,0,0.06,31992,280260,1
39,67779,708,9,2,0.72,46585,8706,0
20,102421,376,0,0,0.42,66191,283291,0
23,112244,516,2,2,0.46,57401,156615,0
32,85584,627,4,1,0.26,43058,104147,0
44,39950,322,13,2,0.46,73108,250978,0
27,35173,609,7,1,0.18,57779,13895,0
26,137743,566,8,5,0.61,36662,280395,0
50,78032,714,28,4,0.67,37185,264544,0
49,135074,566,15,4,0.69,83168,272253,0
65,119273,632,40,0,0.13,8810,291776,1
23,48036,749,2,2,0.47,79210,231348,0
58,143885,546,35,0,0.66,52042,148223,1
53,132857,335,21,2,0.15,74416,182237,1
19,91356,700,0,0,0.12,79186,60276,1
46,34292,327,28,4,0.66,35883,231341,0
21,23052,519,0,5,0.65,40349,273469,0
18,64377,705,0,4,0.39,53215,99964,0
36,109317,570,2,0,0.13,39419,6912,1
43,87838,810,25,2,0.44,68342,274518,1
42,87819,585,16,3,0.35,65806,249065,0
27,133689,753,0,5,0.44,25871,90402,0
32,128103,616,0,2,0.38,52846,96792,1
39,35620,596,21,0,0.48,49991,55683,1
68,50461,637,40,2,0.6,48136,146270,1
65,40750,606,40,1,0.63,72029,132776,1
38,118426,727,13,2,0.54,33548,173068,0
39,108719,650,21,4,0.2,5650,196866,1
53,29472,810,21,4,0.35,58278,143227,1
51,89263,824,24,1,0.1,45835,128899,1
47,132036,791,26,5,0.39,17225,195016,1
42,77602,308,15,2,0.78,46360,202318,0
62,45523,796,34,5,0.53,67328,278532,0
45,50766,739,23,3,0.17,96339,79178,1
18,123262,407,0,2,0.25,54343,31457,1
66,86060,544,40,4,0.1,65008,154199,1
62,29079,554,34,4,0.19,58573,170163,1
21,28399,332,1,5,0.42,52932,16752,0
24,80726,322,3,0,0.31,21881,56832,1
66,112906,348,39,4,0.2,34557,9237,1
26,36532,761,2,0,0.16,70730,139123,1
53,142689,635,35,4,0.54,79094,231777,0
36,102357,657,13,4,0.47,92910,200418,0
